Workbook

Sheet Prices
A1: Name | B1: Price | C1: Median Price | D1: Reduced | E1: Kraken Price | F1: Game | G1: Category | H1: Set | I1: PriceCharting Price | J1: TCGplayer Market | K1: TCGplayer Median | L1: TCGplayer Lowest | M1: Sources | N1: PriceCharting Link | O1: TCGplayer Link
A2: 500 Years in the Future - Booster Box | B2: =IF(I2<>"",I2,IF(J2<>"",J2,IF(K2<>"",K2,L2))) -> 267.48 | C2: =MEDIAN(I2:L2) -> 267.48 | D2: =ROUND(C2*(1-Settings!$B$2),2) -> 187.24 | E2: =ROUND(C2*(1-Settings!$B$3),2) -> 187.24 | F2: One Piece | G2: Box | H2: 500 Years in the Future | I2: 267.48 | J2: 326.57 | L2: 81 | M2: PriceCharting + TCGplayer | N2: https://www.pricecharting.com/game/one-piece-500-years-in-the-future/booster-box | O2: https://www.tcgplayer.com/product/532106
A3: 500 Years In The Future Double Pack DP-04 Display Box | B3: =IF(I3<>"",I3,IF(J3<>"",J3,IF(K3<>"",K3,L3))) -> 335.91 | C3: =MEDIAN(I3:L3) -> 335.91 | D3: =ROUND(C3*(1-Settings!$B$2),2) -> 235.14 | E3: =ROUND(C3*(1-Settings!$B$3),2) -> 235.14 | F3: One Piece | G3: Box | H3: 500 Years In The Future | I3: 335.91 | M3: PriceCharting | N3: https://www.pricecharting.com/game/one-piece-500-years-in-the-future/double-pack-dp-04-display-box
A4: A Fist of Divine Speed Booster Box | B4: =IF(I4<>"",I4,IF(J4<>"",J4,IF(K4<>"",K4,L4))) -> 566.03 | C4: =MEDIAN(I4:L4) -> 332.985 | D4: =ROUND(C4*(1-Settings!$B$2),2) -> 233.09 | E4: =ROUND(C4*(1-Settings!$B$3),2) -> 233.09 | F4: One Piece | G4: Box | H4: A Fist of Divine Speed | J4: 566.03 | L4: 99.94 | M4: TCGplayer | O4: https://www.tcgplayer.com/product/620180
A5: Adventure on Kami's Island Booster Box | B5: =IF(I5<>"",I5,IF(J5<>"",J5,IF(K5<>"",K5,L5))) -> 257.25 | C5: =MEDIAN(I5:L5) -> 161.12 | D5: =ROUND(C5*(1-Settings!$B$2),2) -> 112.78 | E5: =ROUND(C5*(1-Settings!$B$3),2) -> 112.78 | F5: One Piece | G5: Box | H5: Adventure on Kami's Island | J5: 257.25 | L5: 64.99 | M5: TCGplayer | O5: https://www.tcgplayer.com/product/682057
A6: Awakening of the New Era - Booster Box | B6: =IF(I6<>"",I6,IF(J6<>"",J6,IF(K6<>"",K6,L6))) -> 1009.57 | C6: =MEDIAN(I6:L6) -> 1009.57 | D6: =ROUND(C6*(1-Settings!$B$2),2) -> 706.7 | E6: =ROUND(C6*(1-Settings!$B$3),2) -> 706.7 | F6: One Piece | G6: Box | H6: Awakening of the New Era | I6: 1009.57 | J6: 1047.1 | L6: 349.95 | M6: PriceCharting + TCGplayer | N6: https://www.pricecharting.com/game/one-piece-awakening-of-the-new-era/booster-box | O6: https://www.tcgplayer.com/product/498734
A7: Awakening Of The New Era Double Pack DP-02 Display Box | B7: =IF(I7<>"",I7,IF(J7<>"",J7,IF(K7<>"",K7,L7))) -> 314.99 | C7: =MEDIAN(I7:L7) -> 314.99 | D7: =ROUND(C7*(1-Settings!$B$2),2) -> 220.49 | E7: =ROUND(C7*(1-Settings!$B$3),2) -> 220.49 | F7: One Piece | G7: Box | H7: Awakening Of The New Era | I7: 314.99 | M7: PriceCharting | N7: https://www.pricecharting.com/game/one-piece-awakening-of-the-new-era/double-pack-dp-02-display-box
A8: Carrying On His Will Booster Box | B8: =IF(I8<>"",I8,IF(J8<>"",J8,IF(K8<>"",K8,L8))) -> 449.11 | C8: =MEDIAN(I8:L8) -> 444.99 | D8: =ROUND(C8*(1-Settings!$B$2),2) -> 311.49 | E8: =ROUND(C8*(1-Settings!$B$3),2) -> 311.49 | F8: One Piece | G8: Box | H8: Carrying On His Will | I8: 449.11 | J8: 444.99 | L8: 24.99 | M8: PriceCharting + TCGplayer | N8: https://www.pricecharting.com/game/one-piece-carrying-on-his-will/booster-box | O8: https://www.tcgplayer.com/product/628352
A9: Emperors in the New World - Booster Box | B9: =IF(I9<>"",I9,IF(J9<>"",J9,IF(K9<>"",K9,L9))) -> 638 | C9: =MEDIAN(I9:L9) -> 638 | D9: =ROUND(C9*(1-Settings!$B$2),2) -> 446.6 | E9: =ROUND(C9*(1-Settings!$B$3),2) -> 446.6 | F9: One Piece | G9: Box | H9: Emperors in the New World | I9: 638 | J9: 641.67 | L9: 180 | M9: PriceCharting + TCGplayer | N9: https://www.pricecharting.com/game/one-piece-emperors-in-the-new-world/booster-box | O9: https://www.tcgplayer.com/product/563834
A10: Emperors In The New World Double Pack DP-06 Display Box | B10: =IF(I10<>"",I10,IF(J10<>"",J10,IF(K10<>"",K10,L10))) -> 311 | C10: =MEDIAN(I10:L10) -> 311 | D10: =ROUND(C10*(1-Settings!$B$2),2) -> 217.7 | E10: =ROUND(C10*(1-Settings!$B$3),2) -> 217.7 | F10: One Piece | G10: Box | H10: Emperors In The New World | I10: 311 | M10: PriceCharting | N10: https://www.pricecharting.com/game/one-piece-emperors-in-the-new-world/double-pack-dp-06-display-box
A11: Extra Booster Anime 25th Collection Booster Box | B11: =IF(I11<>"",I11,IF(J11<>"",J11,IF(K11<>"",K11,L11))) -> 779.99 | C11: =MEDIAN(I11:L11) -> 779.99 | D11: =ROUND(C11*(1-Settings!$B$2),2) -> 545.99 | E11: =ROUND(C11*(1-Settings!$B$3),2) -> 545.99 | F11: One Piece | G11: Box | H11: Extra Booster Anime 25th Collection | I11: 779.99 | M11: PriceCharting | N11: https://www.pricecharting.com/game/one-piece-extra-booster-anime-25th-collection/booster-box
A12: Extra Booster Heroines Edition Booster Box | B12: =IF(I12<>"",I12,IF(J12<>"",J12,IF(K12<>"",K12,L12))) -> 323.97 | C12: =MEDIAN(I12:L12) -> 323.97 | D12: =ROUND(C12*(1-Settings!$B$2),2) -> 226.78 | E12: =ROUND(C12*(1-Settings!$B$3),2) -> 226.78 | F12: One Piece | G12: Box | H12: Extra Booster Heroines Edition | I12: 323.97 | M12: PriceCharting | N12: https://www.pricecharting.com/game/one-piece-extra-booster-heroines-edition/booster-box
A13: Extra Booster Memorial Collection Sealed Booster Box | B13: =IF(I13<>"",I13,IF(J13<>"",J13,IF(K13<>"",K13,L13))) -> 870.13 | C13: =MEDIAN(I13:L13) -> 870.13 | D13: =ROUND(C13*(1-Settings!$B$2),2) -> 609.09 | E13: =ROUND(C13*(1-Settings!$B$3),2) -> 609.09 | F13: One Piece | G13: Box | H13: Extra Booster Memorial Collection | I13: 870.13 | M13: PriceCharting | N13: https://www.pricecharting.com/game/one-piece-extra-booster-memorial-collection/sealed-booster-box
A14: Memorial Collection - Booster Box | B14: =IF(I14<>"",I14,IF(J14<>"",J14,IF(K14<>"",K14,L14))) -> 875.09 | C14: =MEDIAN(I14:L14) -> 862.545 | D14: =ROUND(C14*(1-Settings!$B$2),2) -> 603.78 | E14: =ROUND(C14*(1-Settings!$B$3),2) -> 603.78 | F14: One Piece | G14: Box | H14: Extra Booster: Memorial Collection | J14: 875.09 | L14: 850 | M14: TCGplayer | O14: https://www.tcgplayer.com/product/521161
A15: Extra Booster: One Piece Heroines Edition Vol.2 - Booster Box | B15: =IF(I15<>"",I15,IF(J15<>"",J15,IF(K15<>"",K15,L15))) -> 357.4 | C15: =MEDIAN(I15:L15) -> 352.535 | D15: =ROUND(C15*(1-Settings!$B$2),2) -> 246.77 | E15: =ROUND(C15*(1-Settings!$B$3),2) -> 246.77 | F15: One Piece | G15: Box | H15: Extra Booster: One Piece Heroines Edition Vol. 2 | J15: 357.4 | L15: 347.67 | M15: TCGplayer | O15: https://www.tcgplayer.com/product/711385
A16: Fist Of Divine Speed Booster Box | B16: =IF(I16<>"",I16,IF(J16<>"",J16,IF(K16<>"",K16,L16))) -> 588.37 | C16: =MEDIAN(I16:L16) -> 588.37 | D16: =ROUND(C16*(1-Settings!$B$2),2) -> 411.86 | E16: =ROUND(C16*(1-Settings!$B$3),2) -> 411.86 | F16: One Piece | G16: Box | H16: Fist Of Divine Speed | I16: 588.37 | M16: PriceCharting | N16: https://www.pricecharting.com/game/one-piece-fist-of-divine-speed/booster-box
A17: Japanese 500 Years In The Future Booster Box | B17: =IF(I17<>"",I17,IF(J17<>"",J17,IF(K17<>"",K17,L17))) -> 82.77 | C17: =MEDIAN(I17:L17) -> 82.77 | D17: =ROUND(C17*(1-Settings!$B$2),2) -> 57.94 | E17: =ROUND(C17*(1-Settings!$B$3),2) -> 57.94 | F17: One Piece | G17: Box | H17: Japanese 500 Years In The Future | I17: 82.77 | M17: PriceCharting | N17: https://www.pricecharting.com/game/one-piece-japanese-500-years-in-the-future/booster-box
A18: Japanese Awakening Of The New Era Booster Box | B18: =IF(I18<>"",I18,IF(J18<>"",J18,IF(K18<>"",K18,L18))) -> 208.46 | C18: =MEDIAN(I18:L18) -> 208.46 | D18: =ROUND(C18*(1-Settings!$B$2),2) -> 145.92 | E18: =ROUND(C18*(1-Settings!$B$3),2) -> 145.92 | F18: One Piece | G18: Box | H18: Japanese Awakening Of The New Era | I18: 208.46 | M18: PriceCharting | N18: https://www.pricecharting.com/game/one-piece-japanese-awakening-of-the-new-era/booster-box
A19: Japanese Carrying On His Will Booster Box | B19: =IF(I19<>"",I19,IF(J19<>"",J19,IF(K19<>"",K19,L19))) -> 130.51 | C19: =MEDIAN(I19:L19) -> 130.51 | D19: =ROUND(C19*(1-Settings!$B$2),2) -> 91.36 | E19: =ROUND(C19*(1-Settings!$B$3),2) -> 91.36 | F19: One Piece | G19: Box | H19: Japanese Carrying On His Will | I19: 130.51 | M19: PriceCharting | N19: https://www.pricecharting.com/game/one-piece-japanese-carrying-on-his-will/booster-box
A20: Japanese Emperors In The New World Booster Box | B20: =IF(I20<>"",I20,IF(J20<>"",J20,IF(K20<>"",K20,L20))) -> 115.63 | C20: =MEDIAN(I20:L20) -> 115.63 | D20: =ROUND(C20*(1-Settings!$B$2),2) -> 80.94 | E20: =ROUND(C20*(1-Settings!$B$3),2) -> 80.94 | F20: One Piece | G20: Box | H20: Japanese Emperors In The New World | I20: 115.63 | M20: PriceCharting | N20: https://www.pricecharting.com/game/one-piece-japanese-emperors-in-the-new-world/booster-box
A21: Japanese Extra Booster Anime 25th Collection Booster Box | B21: =IF(I21<>"",I21,IF(J21<>"",J21,IF(K21<>"",K21,L21))) -> 134.5 | C21: =MEDIAN(I21:L21) -> 134.5 | D21: =ROUND(C21*(1-Settings!$B$2),2) -> 94.15 | E21: =ROUND(C21*(1-Settings!$B$3),2) -> 94.15 | F21: One Piece | G21: Box | H21: Japanese Extra Booster Anime 25th Collection | I21: 134.5 | M21: PriceCharting | N21: https://www.pricecharting.com/game/one-piece-japanese-extra-booster-anime-25th-collection/booster-box
A22: Japanese Extra Booster Egghead Crisis Booster Box | B22: =IF(I22<>"",I22,IF(J22<>"",J22,IF(K22<>"",K22,L22))) -> 91.19 | C22: =MEDIAN(I22:L22) -> 91.19 | D22: =ROUND(C22*(1-Settings!$B$2),2) -> 63.83 | E22: =ROUND(C22*(1-Settings!$B$3),2) -> 63.83 | F22: One Piece | G22: Box | H22: Japanese Extra Booster Egghead Crisis | I22: 91.19 | M22: PriceCharting | N22: https://www.pricecharting.com/game/one-piece-japanese-extra-booster-egghead-crisis/booster-box
A23: Japanese Extra Booster Heroines Edition Booster Box | B23: =IF(I23<>"",I23,IF(J23<>"",J23,IF(K23<>"",K23,L23))) -> 115 | C23: =MEDIAN(I23:L23) -> 115 | D23: =ROUND(C23*(1-Settings!$B$2),2) -> 80.5 | E23: =ROUND(C23*(1-Settings!$B$3),2) -> 80.5 | F23: One Piece | G23: Box | H23: Japanese Extra Booster Heroines Edition | I23: 115 | M23: PriceCharting | N23: https://www.pricecharting.com/game/one-piece-japanese-extra-booster-heroines-edition/booster-box
A24: Japanese Extra Booster Memorial Collection Booster Box | B24: =IF(I24<>"",I24,IF(J24<>"",J24,IF(K24<>"",K24,L24))) -> 112 | C24: =MEDIAN(I24:L24) -> 112 | D24: =ROUND(C24*(1-Settings!$B$2),2) -> 78.4 | E24: =ROUND(C24*(1-Settings!$B$3),2) -> 78.4 | F24: One Piece | G24: Box | H24: Japanese Extra Booster Memorial Collection | I24: 112 | M24: PriceCharting | N24: https://www.pricecharting.com/game/one-piece-japanese-extra-booster-memorial-collection/booster-box
A25: Japanese Fist Of Divine Speed Booster Box | B25: =IF(I25<>"",I25,IF(J25<>"",J25,IF(K25<>"",K25,L25))) -> 132.99 | C25: =MEDIAN(I25:L25) -> 132.99 | D25: =ROUND(C25*(1-Settings!$B$2),2) -> 93.09 | E25: =ROUND(C25*(1-Settings!$B$3),2) -> 93.09 | F25: One Piece | G25: Box | H25: Japanese Fist Of Divine Speed | I25: 132.99 | M25: PriceCharting | N25: https://www.pricecharting.com/game/one-piece-japanese-fist-of-divine-speed/booster-box
A26: Japanese Kingdoms Of Intrigue Booster Box | B26: =IF(I26<>"",I26,IF(J26<>"",J26,IF(K26<>"",K26,L26))) -> 131.28 | C26: =MEDIAN(I26:L26) -> 131.28 | D26: =ROUND(C26*(1-Settings!$B$2),2) -> 91.9 | E26: =ROUND(C26*(1-Settings!$B$3),2) -> 91.9 | F26: One Piece | G26: Box | H26: Japanese Kingdoms Of Intrigue | I26: 131.28 | M26: PriceCharting | N26: https://www.pricecharting.com/game/one-piece-japanese-kingdoms-of-intrigue/booster-box
A27: Japanese Legacy Of The Master Booster Box | B27: =IF(I27<>"",I27,IF(J27<>"",J27,IF(K27<>"",K27,L27))) -> 78.97 | C27: =MEDIAN(I27:L27) -> 78.97 | D27: =ROUND(C27*(1-Settings!$B$2),2) -> 55.28 | E27: =ROUND(C27*(1-Settings!$B$3),2) -> 55.28 | F27: One Piece | G27: Box | H27: Japanese Legacy Of The Master | I27: 78.97 | M27: PriceCharting | N27: https://www.pricecharting.com/game/one-piece-japanese-legacy-of-the-master/booster-box
... A36: Japanese Wings Of The Captain Booster Box | B36: =IF(I36<>"",I36,IF(J36<>"",J36,IF(K36<>"",K36,L36))) -> 184.9 | C36: =MEDIAN(I36:L36) -> 184.9 | D36: =ROUND(C36*(1-Settings!$B$2),2) -> 129.43 | E36: =ROUND(C36*(1-Settings!$B$3),2) -> 129.43 | F36: One Piece | G36: Box | H36: Japanese Wings Of The Captain | I36: 184.9 | M36: PriceCharting | N36: https://www.pricecharting.com/game/one-piece-japanese-wings-of-the-captain/booster-box
A37: Kingdoms of Intrigue - Booster Box | B37: =IF(I37<>"",I37,IF(J37<>"",J37,IF(K37<>"",K37,L37))) -> 484.6 | C37: =MEDIAN(I37:L37) -> 484.6 | D37: =ROUND(C37*(1-Settings!$B$2),2) -> 339.22 | E37: =ROUND(C37*(1-Settings!$B$3),2) -> 339.22 | F37: One Piece | G37: Box | H37: Kingdoms of Intrigue | I37: 484.6 | J37: 500.19 | L37: 479.98 | M37: PriceCharting + TCGplayer | N37: https://www.pricecharting.com/game/one-piece-kingdoms-of-intrigue/booster-box | O37: https://www.tcgplayer.com/product/485833
A38: Kingdoms Of Intrigue Double Pack DP-01 Display Box | B38: =IF(I38<>"",I38,IF(J38<>"",J38,IF(K38<>"",K38,L38))) -> 212.54 | C38: =MEDIAN(I38:L38) -> 212.54 | D38: =ROUND(C38*(1-Settings!$B$2),2) -> 148.78 | E38: =ROUND(C38*(1-Settings!$B$3),2) -> 148.78 | F38: One Piece | G38: Box | H38: Kingdoms Of Intrigue | I38: 212.54 | M38: PriceCharting | N38: https://www.pricecharting.com/game/one-piece-kingdoms-of-intrigue/double-pack-dp-01-display-box
A39: Legacy of the Master Booster Box | B39: =IF(I39<>"",I39,IF(J39<>"",J39,IF(K39<>"",K39,L39))) -> 290 | C39: =MEDIAN(I39:L39) -> 290 | D39: =ROUND(C39*(1-Settings!$B$2),2) -> 203 | E39: =ROUND(C39*(1-Settings!$B$3),2) -> 203 | F39: One Piece | G39: Box | H39: Legacy of the Master | I39: 290 | J39: 290.66 | L39: 22.98 | M39: PriceCharting + TCGplayer | N39: https://www.pricecharting.com/game/one-piece-legacy-of-the-master/booster-box | O39: https://www.tcgplayer.com/product/628346
A40: Legacy Of The Master Double Pack DP-08 Display Box | B40: =IF(I40<>"",I40,IF(J40<>"",J40,IF(K40<>"",K40,L40))) -> 328.31 | C40: =MEDIAN(I40:L40) -> 328.31 | D40: =ROUND(C40*(1-Settings!$B$2),2) -> 229.82 | E40: =ROUND(C40*(1-Settings!$B$3),2) -> 229.82 | F40: One Piece | G40: Box | H40: Legacy Of The Master | I40: 328.31 | M40: PriceCharting | N40: https://www.pricecharting.com/game/one-piece-legacy-of-the-master/double-pack-dp-08-display-box
A41: Paramount War - Booster Box | B41: =IF(I41<>"",I41,IF(J41<>"",J41,IF(K41<>"",K41,L41))) -> 520.26 | C41: =MEDIAN(I41:L41) -> 520.26 | D41: =ROUND(C41*(1-Settings!$B$2),2) -> 364.18 | E41: =ROUND(C41*(1-Settings!$B$3),2) -> 364.18 | F41: One Piece | G41: Box | H41: Paramount War | I41: 520.26 | J41: 553.65 | L41: 69.99 | M41: PriceCharting + TCGplayer | N41: https://www.pricecharting.com/game/one-piece-paramount-war/booster-box | O41: https://www.tcgplayer.com/product/455866
A42: Pillars of Strength - Booster Box | B42: =IF(I42<>"",I42,IF(J42<>"",J42,IF(K42<>"",K42,L42))) -> 509.74 | C42: =MEDIAN(I42:L42) -> 506.49 | D42: =ROUND(C42*(1-Settings!$B$2),2) -> 354.54 | E42: =ROUND(C42*(1-Settings!$B$3),2) -> 354.54 | F42: One Piece | G42: Box | H42: Pillars of Strength | I42: 509.74 | J42: 506.49 | L42: 69.99 | M42: PriceCharting + TCGplayer | N42: https://www.pricecharting.com/game/one-piece-pillars-of-strength/booster-box | O42: https://www.tcgplayer.com/product/477176
A43: Premium Booster - Booster Box | B43: =IF(I43<>"",I43,IF(J43<>"",J43,IF(K43<>"",K43,L43))) -> 903.88 | C43: =MEDIAN(I43:L43) -> 546.935 | D43: =ROUND(C43*(1-Settings!$B$2),2) -> 382.85 | E43: =ROUND(C43*(1-Settings!$B$3),2) -> 382.85 | F43: One Piece | G43: Box | H43: Premium Booster -The Best- | J43: 903.88 | L43: 189.99 | M43: TCGplayer | O43: https://www.tcgplayer.com/product/545399
A44: Premium Booster Vol. 2 - Booster Box | B44: =IF(I44<>"",I44,IF(J44<>"",J44,IF(K44<>"",K44,L44))) -> 377.53 | C44: =MEDIAN(I44:L44) -> 238.24 | D44: =ROUND(C44*(1-Settings!$B$2),2) -> 166.77 | E44: =ROUND(C44*(1-Settings!$B$3),2) -> 166.77 | F44: One Piece | G44: Box | H44: Premium Booster -The Best- Vol. 2 | J44: 377.53 | L44: 98.95 | M44: TCGplayer | O44: https://www.tcgplayer.com/product/628452
A45: Premium Booster 2 Booster Box | B45: =IF(I45<>"",I45,IF(J45<>"",J45,IF(K45<>"",K45,L45))) -> 379.48 | C45: =MEDIAN(I45:L45) -> 379.48 | D45: =ROUND(C45*(1-Settings!$B$2),2) -> 265.64 | E45: =ROUND(C45*(1-Settings!$B$3),2) -> 265.64 | F45: One Piece | G45: Box | H45: Premium Booster 2 | I45: 379.48 | M45: PriceCharting | N45: https://www.pricecharting.com/game/one-piece-premium-booster-2/booster-box
A46: Romance Dawn - Booster Box (Wave 1 - Blue) | B46: =IF(I46<>"",I46,IF(J46<>"",J46,IF(K46<>"",K46,L46))) -> 4636.13 | C46: =MEDIAN(I46:L46) -> 2418.065 | D46: =ROUND(C46*(1-Settings!$B$2),2) -> 1692.65 | E46: =ROUND(C46*(1-Settings!$B$3),2) -> 1692.65 | F46: One Piece | G46: Box | H46: Romance Dawn | J46: 4636.13 | L46: 200 | M46: TCGplayer | O46: https://www.tcgplayer.com/product/450086
A47: Romance Dawn - Booster Box (Wave 2 - White) | B47: =IF(I47<>"",I47,IF(J47<>"",J47,IF(K47<>"",K47,L47))) -> 1394.51 | C47: =MEDIAN(I47:L47) -> 704.75 | D47: =ROUND(C47*(1-Settings!$B$2),2) -> 493.33 | E47: =ROUND(C47*(1-Settings!$B$3),2) -> 493.33 | F47: One Piece | G47: Box | H47: Romance Dawn | J47: 1394.51 | L47: 14.99 | M47: TCGplayer | O47: https://www.tcgplayer.com/product/557280
A48: Romance Dawn Booster Box | B48: =IF(I48<>"",I48,IF(J48<>"",J48,IF(K48<>"",K48,L48))) -> 1191.82 | C48: =MEDIAN(I48:L48) -> 1191.82 | D48: =ROUND(C48*(1-Settings!$B$2),2) -> 834.27 | E48: =ROUND(C48*(1-Settings!$B$3),2) -> 834.27 | F48: One Piece | G48: Box | H48: Romance Dawn | I48: 1191.82 | M48: PriceCharting | N48: https://www.pricecharting.com/game/one-piece-romance-dawn/booster-box
A49: Romance Dawn Booster Box [Blue Bottom] | B49: =IF(I49<>"",I49,IF(J49<>"",J49,IF(K49<>"",K49,L49))) -> 4377.48 | C49: =MEDIAN(I49:L49) -> 4377.48 | D49: =ROUND(C49*(1-Settings!$B$2),2) -> 3064.24 | E49: =ROUND(C49*(1-Settings!$B$3),2) -> 3064.24 | F49: One Piece | G49: Box | H49: Romance Dawn | I49: 4377.48 | M49: PriceCharting | N49: https://www.pricecharting.com/game/one-piece-romance-dawn/booster-box-blue-bottom
A50: Royal Blood Booster Box | B50: =IF(I50<>"",I50,IF(J50<>"",J50,IF(K50<>"",K50,L50))) -> 249.99 | C50: =MEDIAN(I50:L50) -> 248.97 | D50: =ROUND(C50*(1-Settings!$B$2),2) -> 174.28 | E50: =ROUND(C50*(1-Settings!$B$3),2) -> 174.28 | F50: One Piece | G50: Box | H50: Royal Blood | I50: 249.99 | J50: 248.97 | L50: 22.8 | M50: PriceCharting + TCGplayer | N50: https://www.pricecharting.com/game/one-piece-royal-blood/booster-box | O50: https://www.tcgplayer.com/product/586671
A51: The Azure Sea's Seven Booster Box | B51: =IF(I51<>"",I51,IF(J51<>"",J51,IF(K51<>"",K51,L51))) -> 266.29 | C51: =MEDIAN(I51:L51) -> 135.64 | D51: =ROUND(C51*(1-Settings!$B$2),2) -> 94.95 | E51: =ROUND(C51*(1-Settings!$B$3),2) -> 94.95 | F51: One Piece | G51: Box | H51: The Azure Sea's Seven | J51: 266.29 | L51: 4.99 | M51: TCGplayer | O51: https://www.tcgplayer.com/product/665598
A52: The Dominance of God Booster Box | B52: =IF(I52<>"",I52,IF(J52<>"",J52,IF(K52<>"",K52,L52))) -> 358.71 | C52: =MEDIAN(I52:L52) -> 350.855 | D52: =ROUND(C52*(1-Settings!$B$2),2) -> 245.6 | E52: =ROUND(C52*(1-Settings!$B$3),2) -> 245.6 | F52: One Piece | G52: Box | H52: The Dominance of God | J52: 358.71 | L52: 343 | M52: TCGplayer | O52: https://www.tcgplayer.com/product/712901
A53: The Quest Begins Booster Box | B53: =IF(I53<>"",I53,IF(J53<>"",J53,IF(K53<>"",K53,L53))) -> 22000 | C53: =MEDIAN(I53:L53) -> 22000 | D53: =ROUND(C53*(1-Settings!$B$2),2) -> 15400 | E53: =ROUND(C53*(1-Settings!$B$3),2) -> 15400 | F53: One Piece | G53: Box | H53: The Quest Begins | I53: 22000 | M53: PriceCharting | N53: https://www.pricecharting.com/game/one-piece-the-quest-begins/booster-box
A54: The Time of Battle Booster Box | B54: =IF(I54<>"",I54,IF(J54<>"",J54,IF(K54<>"",K54,L54))) -> 222.75 | C54: =MEDIAN(I54:L54) -> 209.55 | D54: =ROUND(C54*(1-Settings!$B$2),2) -> 146.69 | E54: =ROUND(C54*(1-Settings!$B$3),2) -> 146.69 | F54: One Piece | G54: Box | H54: The Time of Battle | I54: 222.75 | J54: 209.55 | L54: 54.99 | M54: PriceCharting + TCGplayer | N54: https://www.pricecharting.com/game/one-piece-the-time-of-battle/booster-box | O54: https://www.tcgplayer.com/product/689336
A55: The World's Strongest Warriors Booster Box | B55: =IF(I55<>"",I55,IF(J55<>"",J55,IF(K55<>"",K55,L55))) -> 305.42 | C55: =MEDIAN(I55:L55) -> 305.205 | D55: =ROUND(C55*(1-Settings!$B$2),2) -> 213.64 | E55: =ROUND(C55*(1-Settings!$B$3),2) -> 213.64 | F55: One Piece | G55: Box | H55: The World's Strongest Warriors | J55: 305.42 | L55: 304.99 | M55: TCGplayer | O55: https://www.tcgplayer.com/product/704752
A56: Two Legends - Booster Box | B56: =IF(I56<>"",I56,IF(J56<>"",J56,IF(K56<>"",K56,L56))) -> 245 | C56: =MEDIAN(I56:L56) -> 245 | D56: =ROUND(C56*(1-Settings!$B$2),2) -> 171.5 | E56: =ROUND(C56*(1-Settings!$B$3),2) -> 171.5 | F56: One Piece | G56: Box | H56: Two Legends | I56: 245 | J56: 246.75 | L56: 84.97 | M56: PriceCharting + TCGplayer | N56: https://www.pricecharting.com/game/one-piece-two-legends/booster-box | O56: https://www.tcgplayer.com/product/542504
A57: Two Legends Double Pack DP-05 Display Box | B57: =IF(I57<>"",I57,IF(J57<>"",J57,IF(K57<>"",K57,L57))) -> 261.62 | C57: =MEDIAN(I57:L57) -> 261.62 | D57: =ROUND(C57*(1-Settings!$B$2),2) -> 183.13 | E57: =ROUND(C57*(1-Settings!$B$3),2) -> 183.13 | F57: One Piece | G57: Box | H57: Two Legends | I57: 261.62 | M57: PriceCharting | N57: https://www.pricecharting.com/game/one-piece-two-legends/double-pack-dp-05-display-box
A58: Wings of the Captain - Booster Box | B58: =IF(I58<>"",I58,IF(J58<>"",J58,IF(K58<>"",K58,L58))) -> 391.14 | C58: =MEDIAN(I58:L58) -> 391.14 | D58: =ROUND(C58*(1-Settings!$B$2),2) -> 273.8 | E58: =ROUND(C58*(1-Settings!$B$3),2) -> 273.8 | F58: One Piece | G58: Box | H58: Wings of the Captain | I58: 391.14 | J58: 402.74 | L58: 149.99 | M58: PriceCharting + TCGplayer | N58: https://www.pricecharting.com/game/one-piece-wings-of-the-captain/booster-box | O58: https://www.tcgplayer.com/product/515080
A59: Wings Of The Captain Double Pack DP-03 Display Box | B59: =IF(I59<>"",I59,IF(J59<>"",J59,IF(K59<>"",K59,L59))) -> 158.97 | C59: =MEDIAN(I59:L59) -> 158.97 | D59: =ROUND(C59*(1-Settings!$B$2),2) -> 111.28 | E59: =ROUND(C59*(1-Settings!$B$3),2) -> 111.28 | F59: One Piece | G59: Box | H59: Wings Of The Captain | I59: 158.97 | M59: PriceCharting | N59: https://www.pricecharting.com/game/one-piece-wings-of-the-captain/double-pack-dp-03-display-box
A60: Double Pack Set Volume 4 | B60: =IF(I60<>"",I60,IF(J60<>"",J60,IF(K60<>"",K60,L60))) -> 52.81 | C60: =MEDIAN(I60:L60) -> 56.4 | D60: =ROUND(C60*(1-Settings!$B$2),2) -> 39.48 | E60: =ROUND(C60*(1-Settings!$B$3),2) -> 39.48 | F60: One Piece | G60: Coffret | H60: 500 Years in the Future | J60: 52.81 | L60: 59.99 | M60: TCGplayer | O60: https://www.tcgplayer.com/product/549493
A61: Double Pack Set Volume 7 | B61: =IF(I61<>"",I61,IF(J61<>"",J61,IF(K61<>"",K61,L61))) -> 76.95 | C61: =MEDIAN(I61:L61) -> 73.47 | D61: =ROUND(C61*(1-Settings!$B$2),2) -> 51.43 | E61: =ROUND(C61*(1-Settings!$B$3),2) -> 51.43 | F61: One Piece | G61: Coffret | H61: A Fist of Divine Speed | J61: 76.95 | L61: 69.99 | M61: TCGplayer | O61: https://www.tcgplayer.com/product/606561
A62: Double Pack Set Vol. 10 | B62: =IF(I62<>"",I62,IF(J62<>"",J62,IF(K62<>"",K62,L62))) -> 39.21 | C62: =MEDIAN(I62:L62) -> 34.605 | D62: =ROUND(C62*(1-Settings!$B$2),2) -> 24.22 | E62: =ROUND(C62*(1-Settings!$B$3),2) -> 24.22 | F62: One Piece | G62: Coffret | H62: Adventure on Kami's Island | J62: 39.21 | L62: 30 | M62: TCGplayer | O62: https://www.tcgplayer.com/product/682789
A63: Double Pack Set Volume 2 | B63: =IF(I63<>"",I63,IF(J63<>"",J63,IF(K63<>"",K63,L63))) -> 227.84 | C63: =MEDIAN(I63:L63) -> 218.92 | D63: =ROUND(C63*(1-Settings!$B$2),2) -> 153.24 | E63: =ROUND(C63*(1-Settings!$B$3),2) -> 153.24 | F63: One Piece | G63: Coffret | H63: Awakening of the New Era | J63: 227.84 | L63: 210 | M63: TCGplayer | O63: https://www.tcgplayer.com/product/527060
A64: Carrying On His Will One Piece Tin Pack Set Vol. 2 - Monkey.D.Luffy | B64: =IF(I64<>"",I64,IF(J64<>"",J64,IF(K64<>"",K64,L64))) -> 66.13 | C64: =MEDIAN(I64:L64) -> 66.13 | D64: =ROUND(C64*(1-Settings!$B$2),2) -> 46.29 | E64: =ROUND(C64*(1-Settings!$B$3),2) -> 46.29 | F64: One Piece | G64: Coffret | H64: Carrying On His Will | I64: 66.13 | M64: PriceCharting | N64: https://www.pricecharting.com/game/one-piece-carrying-on-his-will/one-piece-tin-pack-set-vol-2-monkeydluffy
A65: Double Pack Set Volume 6 | B65: =IF(I65<>"",I65,IF(J65<>"",J65,IF(K65<>"",K65,L65))) -> 95.97 | C65: =MEDIAN(I65:L65) -> 92.985 | D65: =ROUND(C65*(1-Settings!$B$2),2) -> 65.09 | E65: =ROUND(C65*(1-Settings!$B$3),2) -> 65.09 | F65: One Piece | G65: Coffret | H65: Emperors in the New World | J65: 95.97 | L65: 90 | M65: TCGplayer | O65: https://www.tcgplayer.com/product/563842
A66: Extra Booster Heroines Edition Heroines Special Set | B66: =IF(I66<>"",I66,IF(J66<>"",J66,IF(K66<>"",K66,L66))) -> 275 | C66: =MEDIAN(I66:L66) -> 275 | D66: =ROUND(C66*(1-Settings!$B$2),2) -> 192.5 | E66: =ROUND(C66*(1-Settings!$B$3),2) -> 192.5 | F66: One Piece | G66: Coffret | H66: Extra Booster Heroines Edition | I66: 275 | M66: PriceCharting | N66: https://www.pricecharting.com/game/one-piece-extra-booster-heroines-edition/heroines-special-set
A67: Extra Booster: Anime 25th Collection Box | B67: =IF(I67<>"",I67,IF(J67<>"",J67,IF(K67<>"",K67,L67))) -> 811.18 | C67: =MEDIAN(I67:L67) -> 468.09 | D67: =ROUND(C67*(1-Settings!$B$2),2) -> 327.66 | E67: =ROUND(C67*(1-Settings!$B$3),2) -> 327.66 | F67: One Piece | G67: Coffret | H67: Extra Booster: Anime 25th Collection | J67: 811.18 | L67: 125 | M67: TCGplayer | O67: https://www.tcgplayer.com/product/594069
A68: Extra Booster: Anime 25th Collection Pack | B68: =IF(I68<>"",I68,IF(J68<>"",J68,IF(K68<>"",K68,L68))) -> 21.84 | C68: =MEDIAN(I68:L68) -> 14.415 | D68: =ROUND(C68*(1-Settings!$B$2),2) -> 10.09 | E68: =ROUND(C68*(1-Settings!$B$3),2) -> 10.09 | F68: One Piece | G68: Coffret | H68: Extra Booster: Anime 25th Collection | J68: 21.84 | L68: 6.99 | M68: TCGplayer | O68: https://www.tcgplayer.com/product/594068
A69: Memorial Collection - Booster Pack | B69: =IF(I69<>"",I69,IF(J69<>"",J69,IF(K69<>"",K69,L69))) -> 33.19 | C69: =MEDIAN(I69:L69) -> 36.4 | D69: =ROUND(C69*(1-Settings!$B$2),2) -> 25.48 | E69: =ROUND(C69*(1-Settings!$B$3),2) -> 25.48 | F69: One Piece | G69: Coffret | H69: Extra Booster: Memorial Collection | J69: 33.19 | L69: 39.61 | M69: TCGplayer | O69: https://www.tcgplayer.com/product/521160
A70: Extra Booster: One Piece Heroines Edition Box | B70: =IF(I70<>"",I70,IF(J70<>"",J70,IF(K70<>"",K70,L70))) -> 318.81 | C70: =MEDIAN(I70:L70) -> 203.4 | D70: =ROUND(C70*(1-Settings!$B$2),2) -> 142.38 | E70: =ROUND(C70*(1-Settings!$B$3),2) -> 142.38 | F70: One Piece | G70: Coffret | H70: Extra Booster: One Piece Heroines Edition | J70: 318.81 | L70: 87.99 | M70: TCGplayer | O70: https://www.tcgplayer.com/product/666891
A71: Japanese Carrying On His Will Mini Tin | B71: =IF(I71<>"",I71,IF(J71<>"",J71,IF(K71<>"",K71,L71))) -> 81 | C71: =MEDIAN(I71:L71) -> 81 | D71: =ROUND(C71*(1-Settings!$B$2),2) -> 56.7 | E71: =ROUND(C71*(1-Settings!$B$3),2) -> 56.7 | F71: One Piece | G71: Coffret | H71: Japanese Carrying On His Will | I71: 81 | M71: PriceCharting | N71: https://www.pricecharting.com/game/one-piece-japanese-carrying-on-his-will/mini-tin
A72: Japanese Carrying On His Will Treasure Chest Vol. 1 | B72: =IF(I72<>"",I72,IF(J72<>"",J72,IF(K72<>"",K72,L72))) -> 280 | C72: =MEDIAN(I72:L72) -> 280 | D72: =ROUND(C72*(1-Settings!$B$2),2) -> 196 | E72: =ROUND(C72*(1-Settings!$B$3),2) -> 196 | F72: One Piece | G72: Coffret | H72: Japanese Carrying On His Will | I72: 280 | M72: PriceCharting | N72: https://www.pricecharting.com/game/one-piece-japanese-carrying-on-his-will/treasure-chest-vol-1
A73: Japanese Extra Booster Heroines Edition Heroines Special Set | B73: =IF(I73<>"",I73,IF(J73<>"",J73,IF(K73<>"",K73,L73))) -> 156.99 | C73: =MEDIAN(I73:L73) -> 156.99 | D73: =ROUND(C73*(1-Settings!$B$2),2) -> 109.89 | E73: =ROUND(C73*(1-Settings!$B$3),2) -> 109.89 | F73: One Piece | G73: Coffret | H73: Japanese Extra Booster Heroines Edition | I73: 156.99 | M73: PriceCharting | N73: https://www.pricecharting.com/game/one-piece-japanese-extra-booster-heroines-edition/heroines-special-set
A74: Japanese Extra Booster Heroines Edition Sealed Admirable Collection Vol.1 Vinsmoke Reiju | B74: =IF(I74<>"",I74,IF(J74<>"",J74,IF(K74<>"",K74,L74))) -> 171.39 | C74: =MEDIAN(I74:L74) -> 171.39 | D74: =ROUND(C74*(1-Settings!$B$2),2) -> 119.97 | E74: =ROUND(C74*(1-Settings!$B$3),2) -> 119.97 | F74: One Piece | G74: Coffret | H74: Japanese Extra Booster Heroines Edition | I74: 171.39 | M74: PriceCharting | N74: https://www.pricecharting.com/game/one-piece-japanese-extra-booster-heroines-edition/sealed-admirable-collection-vol1-vinsmoke-reiju
A75: Japanese Paramount War Box Promotion Pack | B75: =IF(I75<>"",I75,IF(J75<>"",J75,IF(K75<>"",K75,L75))) -> 6.99 | C75: =MEDIAN(I75:L75) -> 6.99 | D75: =ROUND(C75*(1-Settings!$B$2),2) -> 4.89 | E75: =ROUND(C75*(1-Settings!$B$3),2) -> 4.89 | F75: One Piece | G75: Coffret | H75: Japanese Paramount War | I75: 6.99 | M75: PriceCharting | N75: https://www.pricecharting.com/game/one-piece-japanese-paramount-war/box-promotion-pack
A76: Japanese Promo 1st Anniversary Set | B76: =IF(I76<>"",I76,IF(J76<>"",J76,IF(K76<>"",K76,L76))) -> 98.21 | C76: =MEDIAN(I76:L76) -> 98.21 | D76: =ROUND(C76*(1-Settings!$B$2),2) -> 68.75 | E76: =ROUND(C76*(1-Settings!$B$3),2) -> 68.75 | F76: One Piece | G76: Coffret | H76: Japanese Promo | I76: 98.21 | M76: PriceCharting | N76: https://www.pricecharting.com/game/one-piece-japanese-promo/1st-anniversary-set
A77: Japanese Promo 2nd Anniversary Set | B77: =IF(I77<>"",I77,IF(J77<>"",J77,IF(K77<>"",K77,L77))) -> 60.82 | C77: =MEDIAN(I77:L77) -> 60.82 | D77: =ROUND(C77*(1-Settings!$B$2),2) -> 42.57 | E77: =ROUND(C77*(1-Settings!$B$3),2) -> 42.57 | F77: One Piece | G77: Coffret | H77: Japanese Promo | I77: 60.82 | M77: PriceCharting | N77: https://www.pricecharting.com/game/one-piece-japanese-promo/2nd-anniversary-set
A78: Japanese Promo Base Shop Limited Card Collection Vol.1 | B78: =IF(I78<>"",I78,IF(J78<>"",J78,IF(K78<>"",K78,L78))) -> 123.6 | C78: =MEDIAN(I78:L78) -> 123.6 | D78: =ROUND(C78*(1-Settings!$B$2),2) -> 86.52 | E78: =ROUND(C78*(1-Settings!$B$3),2) -> 86.52 | F78: One Piece | G78: Coffret | H78: Japanese Promo | I78: 123.6 | M78: PriceCharting | N78: https://www.pricecharting.com/game/one-piece-japanese-promo/base-shop-limited-card-collection-vol1
A79: Japanese Promo Premium Card Collection [25th Anniversary] | B79: =IF(I79<>"",I79,IF(J79<>"",J79,IF(K79<>"",K79,L79))) -> 149.9 | C79: =MEDIAN(I79:L79) -> 149.9 | D79: =ROUND(C79*(1-Settings!$B$2),2) -> 104.93 | E79: =ROUND(C79*(1-Settings!$B$3),2) -> 104.93 | F79: One Piece | G79: Coffret | H79: Japanese Promo | I79: 149.9 | M79: PriceCharting | N79: https://www.pricecharting.com/game/one-piece-japanese-promo/premium-card-collection-25th-anniversary
A80: Japanese Promo Premium Card Collection [6 Assort Vol.1] | B80: =IF(I80<>"",I80,IF(J80<>"",J80,IF(K80<>"",K80,L80))) -> 62.71 | C80: =MEDIAN(I80:L80) -> 62.71 | D80: =ROUND(C80*(1-Settings!$B$2),2) -> 43.9 | E80: =ROUND(C80*(1-Settings!$B$3),2) -> 43.9 | F80: One Piece | G80: Coffret | H80: Japanese Promo | I80: 62.71 | M80: PriceCharting | N80: https://www.pricecharting.com/game/one-piece-japanese-promo/premium-card-collection-6-assort-vol1
A81: Japanese Promo Premium Card Collection [Bandai Card Games Fest 23-24] | B81: =IF(I81<>"",I81,IF(J81<>"",J81,IF(K81<>"",K81,L81))) -> 46.99 | C81: =MEDIAN(I81:L81) -> 46.99 | D81: =ROUND(C81*(1-Settings!$B$2),2) -> 32.89 | E81: =ROUND(C81*(1-Settings!$B$3),2) -> 32.89 | F81: One Piece | G81: Coffret | H81: Japanese Promo | I81: 46.99 | M81: PriceCharting | N81: https://www.pricecharting.com/game/one-piece-japanese-promo/premium-card-collection-bandai-card-games-fest-23-24
A82: Japanese Promo Premium Card Collection [Best Selection Vol.2] | B82: =IF(I82<>"",I82,IF(J82<>"",J82,IF(K82<>"",K82,L82))) -> 54.98 | C82: =MEDIAN(I82:L82) -> 54.98 | D82: =ROUND(C82*(1-Settings!$B$2),2) -> 38.49 | E82: =ROUND(C82*(1-Settings!$B$3),2) -> 38.49 | F82: One Piece | G82: Coffret | H82: Japanese Promo | I82: 54.98 | M82: PriceCharting | N82: https://www.pricecharting.com/game/one-piece-japanese-promo/premium-card-collection-best-selection-vol2
... A95: Japanese Promo Sealed Premium Card Collection [Uta] | B95: =IF(I95<>"",I95,IF(J95<>"",J95,IF(K95<>"",K95,L95))) -> 78 | C95: =MEDIAN(I95:L95) -> 78 | D95: =ROUND(C95*(1-Settings!$B$2),2) -> 54.6 | E95: =ROUND(C95*(1-Settings!$B$3),2) -> 54.6 | F95: One Piece | G95: Coffret | H95: Japanese Promo | I95: 78 | M95: PriceCharting | N95: https://www.pricecharting.com/game/one-piece-japanese-promo/sealed-premium-card-collection-uta
A96: Double Pack Set Volume 1 | B96: =IF(I96<>"",I96,IF(J96<>"",J96,IF(K96<>"",K96,L96))) -> 76.43 | C96: =MEDIAN(I96:L96) -> 75.465 | D96: =ROUND(C96*(1-Settings!$B$2),2) -> 52.83 | E96: =ROUND(C96*(1-Settings!$B$3),2) -> 52.83 | F96: One Piece | G96: Coffret | H96: Kingdoms of Intrigue | J96: 76.43 | L96: 74.5 | M96: TCGplayer | O96: https://www.tcgplayer.com/product/493752
A97: Double Pack Set Vol. 8 | B97: =IF(I97<>"",I97,IF(J97<>"",J97,IF(K97<>"",K97,L97))) -> 38.48 | C97: =MEDIAN(I97:L97) -> 38.24 | D97: =ROUND(C97*(1-Settings!$B$2),2) -> 26.77 | E97: =ROUND(C97*(1-Settings!$B$3),2) -> 26.77 | F97: One Piece | G97: Coffret | H97: Legacy of the Master | J97: 38.48 | L97: 38 | M97: TCGplayer | O97: https://www.tcgplayer.com/product/628348
A98: Devil Fruits Collection Vol. 1 | B98: =IF(I98<>"",I98,IF(J98<>"",J98,IF(K98<>"",K98,L98))) -> 148.17 | C98: =MEDIAN(I98:L98) -> 84.085 | D98: =ROUND(C98*(1-Settings!$B$2),2) -> 58.86 | E98: =ROUND(C98*(1-Settings!$B$3),2) -> 58.86 | F98: One Piece | G98: Coffret | H98: One Piece Collection Sets | J98: 148.17 | L98: 20 | M98: TCGplayer | O98: https://www.tcgplayer.com/product/516299
A99: Devil Fruits Collection Vol. 2 | B99: =IF(I99<>"",I99,IF(J99<>"",J99,IF(K99<>"",K99,L99))) -> 77.37 | C99: =MEDIAN(I99:L99) -> 48.68 | D99: =ROUND(C99*(1-Settings!$B$2),2) -> 34.08 | E99: =ROUND(C99*(1-Settings!$B$3),2) -> 34.08 | F99: One Piece | G99: Coffret | H99: One Piece Collection Sets | J99: 77.37 | L99: 19.99 | M99: TCGplayer | O99: https://www.tcgplayer.com/product/593446
A100: Devil Fruits Collection Vol. 3 | B100: =IF(I100<>"",I100,IF(J100<>"",J100,IF(K100<>"",K100,L100))) -> 55.23 | C100: =MEDIAN(I100:L100) -> 53.12 | D100: =ROUND(C100*(1-Settings!$B$2),2) -> 37.18 | E100: =ROUND(C100*(1-Settings!$B$3),2) -> 37.18 | F100: One Piece | G100: Coffret | H100: One Piece Collection Sets | J100: 55.23 | L100: 51.01 | M100: TCGplayer | O100: https://www.tcgplayer.com/product/649748
A101: One Piece Card Game: English Version 1st Anniversary Set (Sealed Promotional Bundle) | B101: =IF(I101<>"",I101,IF(J101<>"",J101,IF(K101<>"",K101,L101))) -> 5110.64 | C101: =MEDIAN(I101:L101) -> 2705.32 | D101: =ROUND(C101*(1-Settings!$B$2),2) -> 1893.72 | E101: =ROUND(C101*(1-Settings!$B$3),2) -> 1893.72 | F101: One Piece | G101: Coffret | H101: One Piece Collection Sets | J101: 5110.64 | L101: 300 | M101: TCGplayer | O101: https://www.tcgplayer.com/product/536588
A102: One Piece Card Game: Japanese 1st Anniversary Set (Sealed Promotional Bundle) | B102: =IF(I102<>"",I102,IF(J102<>"",J102,IF(K102<>"",K102,L102))) -> 192.45 | C102: =MEDIAN(I102:L102) -> 196.225 | D102: =ROUND(C102*(1-Settings!$B$2),2) -> 137.36 | E102: =ROUND(C102*(1-Settings!$B$3),2) -> 137.36 | F102: One Piece | G102: Coffret | H102: One Piece Collection Sets | J102: 192.45 | L102: 200 | M102: TCGplayer | O102: https://www.tcgplayer.com/product/536154
A103: One Piece English Version 2nd Anniversary Set (Sealed Promotional Bundle) | B103: =IF(I103<>"",I103,IF(J103<>"",J103,IF(K103<>"",K103,L103))) -> 1600.87 | C103: =MEDIAN(I103:L103) -> 950.43 | D103: =ROUND(C103*(1-Settings!$B$2),2) -> 665.3 | E103: =ROUND(C103*(1-Settings!$B$3),2) -> 665.3 | F103: One Piece | G103: Coffret | H103: One Piece Collection Sets | J103: 1600.87 | L103: 299.99 | M103: TCGplayer | O103: https://www.tcgplayer.com/product/635482
A104: One Piece English Version 3rd Anniversary Set (Sealed Promotional Bundle) | B104: =IF(I104<>"",I104,IF(J104<>"",J104,IF(K104<>"",K104,L104))) -> 678.97 | C104: =MEDIAN(I104:L104) -> 589.485 | D104: =ROUND(C104*(1-Settings!$B$2),2) -> 412.64 | E104: =ROUND(C104*(1-Settings!$B$3),2) -> 412.64 | F104: One Piece | G104: Coffret | H104: One Piece Collection Sets | J104: 678.97 | L104: 500 | M104: TCGplayer | O104: https://www.tcgplayer.com/product/710691
A105: One Piece Heroines Special Set (Sealed Promotional Bundle) | B105: =IF(I105<>"",I105,IF(J105<>"",J105,IF(K105<>"",K105,L105))) -> 239.56 | C105: =MEDIAN(I105:L105) -> 189.775 | D105: =ROUND(C105*(1-Settings!$B$2),2) -> 132.84 | E105: =ROUND(C105*(1-Settings!$B$3),2) -> 132.84 | F105: One Piece | G105: Coffret | H105: One Piece Collection Sets | J105: 239.56 | L105: 139.99 | M105: TCGplayer | O105: https://www.tcgplayer.com/product/717554
A106: One Piece Japanese Version 2nd Anniversary Set (Sealed Promotional Bundle) | B106: =IF(I106<>"",I106,IF(J106<>"",J106,IF(K106<>"",K106,L106))) -> 922.32 | C106: =MEDIAN(I106:L106) -> 561.105 | D106: =ROUND(C106*(1-Settings!$B$2),2) -> 392.77 | E106: =ROUND(C106*(1-Settings!$B$3),2) -> 392.77 | F106: One Piece | G106: Coffret | H106: One Piece Collection Sets | J106: 922.32 | L106: 199.89 | M106: TCGplayer | O106: https://www.tcgplayer.com/product/617585
A107: One Piece Japanese Version 3rd Anniversary Set (Sealed Promotional Bundle) | B107: =IF(I107<>"",I107,IF(J107<>"",J107,IF(K107<>"",K107,L107))) -> 1158.63 | C107: =MEDIAN(I107:L107) -> 679.31 | D107: =ROUND(C107*(1-Settings!$B$2),2) -> 475.52 | E107: =ROUND(C107*(1-Settings!$B$3),2) -> 475.52 | F107: One Piece | G107: Coffret | H107: One Piece Collection Sets | J107: 1158.63 | L107: 199.99 | M107: TCGplayer | O107: https://www.tcgplayer.com/product/680488
... A145: Treasure Booster Set | B145: =IF(I145<>"",I145,IF(J145<>"",J145,IF(K145<>"",K145,L145))) -> 195.53 | C145: =MEDIAN(I145:L145) -> 188.235 | D145: =ROUND(C145*(1-Settings!$B$2),2) -> 131.76 | E145: =ROUND(C145*(1-Settings!$B$3),2) -> 131.76 | F145: One Piece | G145: Coffret | H145: One Piece Promotion Cards | J145: 195.53 | L145: 180.94 | M145: TCGplayer | O145: https://www.tcgplayer.com/product/565285
A146: Box Promotion Pack | B146: =IF(I146<>"",I146,IF(J146<>"",J146,IF(K146<>"",K146,L146))) -> 21.49 | C146: =MEDIAN(I146:L146) -> 21.49 | D146: =ROUND(C146*(1-Settings!$B$2),2) -> 15.04 | E146: =ROUND(C146*(1-Settings!$B$3),2) -> 15.04 | F146: One Piece | G146: Coffret | H146: Paramount War | I146: 21.49 | J146: 22.9 | L146: 20.01 | M146: PriceCharting + TCGplayer | N146: https://www.pricecharting.com/game/one-piece-paramount-war/box-promotion-pack | O146: https://www.tcgplayer.com/product/488298
A147: Passage To The Grand Line Wapol, the Tin Tyrant CH059 | B147: =IF(I147<>"",I147,IF(J147<>"",J147,IF(K147<>"",K147,L147))) -> 65.64 | C147: =MEDIAN(I147:L147) -> 65.64 | D147: =ROUND(C147*(1-Settings!$B$2),2) -> 45.95 | E147: =ROUND(C147*(1-Settings!$B$3),2) -> 45.95 | F147: One Piece | G147: Coffret | H147: Passage To The Grand Line | I147: 65.64 | M147: PriceCharting | N147: https://www.pricecharting.com/game/one-piece-passage-to-the-grand-line/wapol-the-tin-tyrant-ch059
A148: Promo 2nd Anniversary Set | B148: =IF(I148<>"",I148,IF(J148<>"",J148,IF(K148<>"",K148,L148))) -> 62.24 | C148: =MEDIAN(I148:L148) -> 62.24 | D148: =ROUND(C148*(1-Settings!$B$2),2) -> 43.57 | E148: =ROUND(C148*(1-Settings!$B$3),2) -> 43.57 | F148: One Piece | G148: Coffret | H148: Promo | I148: 62.24 | M148: PriceCharting | N148: https://www.pricecharting.com/game/one-piece-promo/2nd-anniversary-set
A149: Promo Devil Fruits Collection Vol. 1 | B149: =IF(I149<>"",I149,IF(J149<>"",J149,IF(K149<>"",K149,L149))) -> 149.97 | C149: =MEDIAN(I149:L149) -> 149.97 | D149: =ROUND(C149*(1-Settings!$B$2),2) -> 104.98 | E149: =ROUND(C149*(1-Settings!$B$3),2) -> 104.98 | F149: One Piece | G149: Coffret | H149: Promo | I149: 149.97 | M149: PriceCharting | N149: https://www.pricecharting.com/game/one-piece-promo/devil-fruits-collection-vol-1
A150: Promo Devil Fruits Collection Vol. 2 | B150: =IF(I150<>"",I150,IF(J150<>"",J150,IF(K150<>"",K150,L150))) -> 75 | C150: =MEDIAN(I150:L150) -> 75 | D150: =ROUND(C150*(1-Settings!$B$2),2) -> 52.5 | E150: =ROUND(C150*(1-Settings!$B$3),2) -> 52.5 | F150: One Piece | G150: Coffret | H150: Promo | I150: 75 | M150: PriceCharting | N150: https://www.pricecharting.com/game/one-piece-promo/devil-fruits-collection-vol-2
A151: Promo Devil Fruits Collection Vol. 3 | B151: =IF(I151<>"",I151,IF(J151<>"",J151,IF(K151<>"",K151,L151))) -> 59 | C151: =MEDIAN(I151:L151) -> 59 | D151: =ROUND(C151*(1-Settings!$B$2),2) -> 41.3 | E151: =ROUND(C151*(1-Settings!$B$3),2) -> 41.3 | F151: One Piece | G151: Coffret | H151: Promo | I151: 59 | M151: PriceCharting | N151: https://www.pricecharting.com/game/one-piece-promo/devil-fruits-collection-vol-3
A152: Promo Illustration Box Volume 01 | B152: =IF(I152<>"",I152,IF(J152<>"",J152,IF(K152<>"",K152,L152))) -> 186.3 | C152: =MEDIAN(I152:L152) -> 186.3 | D152: =ROUND(C152*(1-Settings!$B$2),2) -> 130.41 | E152: =ROUND(C152*(1-Settings!$B$3),2) -> 130.41 | F152: One Piece | G152: Coffret | H152: Promo | I152: 186.3 | M152: PriceCharting | N152: https://www.pricecharting.com/game/one-piece-promo/illustration-box-volume-01
A153: Promo Illustration Box Volume 02 | B153: =IF(I153<>"",I153,IF(J153<>"",J153,IF(K153<>"",K153,L153))) -> 140.79 | C153: =MEDIAN(I153:L153) -> 140.79 | D153: =ROUND(C153*(1-Settings!$B$2),2) -> 98.55 | E153: =ROUND(C153*(1-Settings!$B$3),2) -> 98.55 | F153: One Piece | G153: Coffret | H153: Promo | I153: 140.79 | M153: PriceCharting | N153: https://www.pricecharting.com/game/one-piece-promo/illustration-box-volume-02
A154: Promo Premium Card Collection [25th Edition] | B154: =IF(I154<>"",I154,IF(J154<>"",J154,IF(K154<>"",K154,L154))) -> 508.96 | C154: =MEDIAN(I154:L154) -> 508.96 | D154: =ROUND(C154*(1-Settings!$B$2),2) -> 356.27 | E154: =ROUND(C154*(1-Settings!$B$3),2) -> 356.27 | F154: One Piece | G154: Coffret | H154: Promo | I154: 508.96 | M154: PriceCharting | N154: https://www.pricecharting.com/game/one-piece-promo/premium-card-collection-25th-edition
A155: Promo Premium Card Collection [6 Assort Vol.1] | B155: =IF(I155<>"",I155,IF(J155<>"",J155,IF(K155<>"",K155,L155))) -> 239 | C155: =MEDIAN(I155:L155) -> 239 | D155: =ROUND(C155*(1-Settings!$B$2),2) -> 167.3 | E155: =ROUND(C155*(1-Settings!$B$3),2) -> 167.3 | F155: One Piece | G155: Coffret | H155: Promo | I155: 239 | M155: PriceCharting | N155: https://www.pricecharting.com/game/one-piece-promo/premium-card-collection-6-assort-vol1
A156: Promo Premium Card Collection [Best Selection] | B156: =IF(I156<>"",I156,IF(J156<>"",J156,IF(K156<>"",K156,L156))) -> 88 | C156: =MEDIAN(I156:L156) -> 88 | D156: =ROUND(C156*(1-Settings!$B$2),2) -> 61.6 | E156: =ROUND(C156*(1-Settings!$B$3),2) -> 61.6 | F156: One Piece | G156: Coffret | H156: Promo | I156: 88 | M156: PriceCharting | N156: https://www.pricecharting.com/game/one-piece-promo/premium-card-collection-best-selection
A157: Promo Premium Card Collection [Live Action Edition] | B157: =IF(I157<>"",I157,IF(J157<>"",J157,IF(K157<>"",K157,L157))) -> 4.11 | C157: =MEDIAN(I157:L157) -> 4.11 | D157: =ROUND(C157*(1-Settings!$B$2),2) -> 2.88 | E157: =ROUND(C157*(1-Settings!$B$3),2) -> 2.88 | F157: One Piece | G157: Coffret | H157: Promo | I157: 4.11 | M157: PriceCharting | N157: https://www.pricecharting.com/game/one-piece-promo/premium-card-collection-live-action-edition
...

Sheet Other Sealed
A1: Name | B1: Price | C1: Median Price | D1: Reduced | E1: Kraken Price | F1: Game | G1: Category | H1: Set | I1: PriceCharting Price | J1: TCGplayer Market | K1: TCGplayer Median | L1: TCGplayer Lowest | M1: Sources | N1: PriceCharting Link | O1: TCGplayer Link
A2: Japanese Premium Booster Sealed Storage Box Set | B2: =IF(I2<>"",I2,IF(J2<>"",J2,IF(K2<>"",K2,L2))) -> 352.9 | C2: =MEDIAN(I2:L2) -> 352.9 | D2: =ROUND(C2*(1-Settings!$B$2),2) -> 247.03 | E2: =ROUND(C2*(1-Settings!$B$3),2) -> 247.03 | F2: One Piece | G2: Accessory | H2: Japanese Premium Booster | I2: 352.9 | M2: PriceCharting | N2: https://www.pricecharting.com/game/one-piece-japanese-premium-booster/sealed-storage-box-set
A3: Official 9 Pocket Binder Vol.1 (Sealed Promotional Bundle) | B3: =IF(I3<>"",I3,IF(J3<>"",J3,IF(K3<>"",K3,L3))) -> 71.67 | C3: =MEDIAN(I3:L3) -> 50.835 | D3: =ROUND(C3*(1-Settings!$B$2),2) -> 35.58 | E3: =ROUND(C3*(1-Settings!$B$3),2) -> 35.58 | F3: One Piece | G3: Accessory | H3: One Piece Promotion Cards | J3: 71.67 | L3: 30 | M3: TCGplayer | O3: https://www.tcgplayer.com/product/717458
A4: Seven Warlords of the Sea Binder Set (Bundle) | B4: =IF(I4<>"",I4,IF(J4<>"",J4,IF(K4<>"",K4,L4))) -> 351.83 | C4: =MEDIAN(I4:L4) -> 348.41 | D4: =ROUND(C4*(1-Settings!$B$2),2) -> 243.89 | E4: =ROUND(C4*(1-Settings!$B$3),2) -> 243.89 | F4: One Piece | G4: Accessory | H4: One Piece Promotion Cards | J4: 351.83 | L4: 344.99 | M4: TCGplayer | O4: https://www.tcgplayer.com/product/700808
A5: Promo Sealed Anniversary Storage Box | B5: =IF(I5<>"",I5,IF(J5<>"",J5,IF(K5<>"",K5,L5))) -> 109.32 | C5: =MEDIAN(I5:L5) -> 109.32 | D5: =ROUND(C5*(1-Settings!$B$2),2) -> 76.52 | E5: =ROUND(C5*(1-Settings!$B$3),2) -> 76.52 | F5: One Piece | G5: Accessory | H5: Promo | I5: 109.32 | M5: PriceCharting | N5: https://www.pricecharting.com/game/one-piece-promo/sealed-anniversary-storage-box
A6: Seven Warlords Of The Sea Binder Set Sealed Binder Set | B6: =IF(I6<>"",I6,IF(J6<>"",J6,IF(K6<>"",K6,L6))) -> 198.96 | C6: =MEDIAN(I6:L6) -> 198.96 | D6: =ROUND(C6*(1-Settings!$B$2),2) -> 139.27 | E6: =ROUND(C6*(1-Settings!$B$3),2) -> 139.27 | F6: One Piece | G6: Accessory | H6: Seven Warlords Of The Sea Binder Set | I6: 198.96 | M6: PriceCharting | N6: https://www.pricecharting.com/game/one-piece-seven-warlords-of-the-sea-binder-set/sealed-binder-set
A7: 500 Years in the Future - Booster Box Case | B7: =IF(I7<>"",I7,IF(J7<>"",J7,IF(K7<>"",K7,L7))) -> 3526 | C7: =MEDIAN(I7:L7) -> 3680.5 | D7: =ROUND(C7*(1-Settings!$B$2),2) -> 2576.35 | E7: =ROUND(C7*(1-Settings!$B$3),2) -> 2576.35 | F7: One Piece | G7: Case/Display | H7: 500 Years in the Future | J7: 3526 | L7: 3835 | M7: TCGplayer | O7: https://www.tcgplayer.com/product/532107
A8: Double Pack Set Volume 4 Display | B8: =IF(I8<>"",I8,IF(J8<>"",J8,IF(K8<>"",K8,L8))) -> 376.06 | C8: =MEDIAN(I8:L8) -> 443.03 | D8: =ROUND(C8*(1-Settings!$B$2),2) -> 310.12 | E8: =ROUND(C8*(1-Settings!$B$3),2) -> 310.12 | F8: One Piece | G8: Case/Display | H8: 500 Years in the Future | J8: 376.06 | L8: 510 | M8: TCGplayer | O8: https://www.tcgplayer.com/product/549495
A9: A Fist of Divine Speed Booster Box Case | B9: =IF(I9<>"",I9,IF(J9<>"",J9,IF(K9<>"",K9,L9))) -> 6180.79 | C9: =MEDIAN(I9:L9) -> 6503.39 | D9: =ROUND(C9*(1-Settings!$B$2),2) -> 4552.37 | E9: =ROUND(C9*(1-Settings!$B$3),2) -> 4552.37 | F9: One Piece | G9: Case/Display | H9: A Fist of Divine Speed | J9: 6180.79 | L9: 6825.99 | M9: TCGplayer | O9: https://www.tcgplayer.com/product/620181
A10: Double Pack Set Volume 7 Display | B10: =IF(I10<>"",I10,IF(J10<>"",J10,IF(K10<>"",K10,L10))) -> 652.52 | C10: =MEDIAN(I10:L10) -> 739.26 | D10: =ROUND(C10*(1-Settings!$B$2),2) -> 517.48 | E10: =ROUND(C10*(1-Settings!$B$3),2) -> 517.48 | F10: One Piece | G10: Case/Display | H10: A Fist of Divine Speed | J10: 652.52 | L10: 826 | M10: TCGplayer | O10: https://www.tcgplayer.com/product/606562
A11: Adventure on Kami's Island Booster Box Case | B11: =IF(I11<>"",I11,IF(J11<>"",J11,IF(K11<>"",K11,L11))) -> 2943 | C11: =MEDIAN(I11:L11) -> 2929 | D11: =ROUND(C11*(1-Settings!$B$2),2) -> 2050.3 | E11: =ROUND(C11*(1-Settings!$B$3),2) -> 2050.3 | F11: One Piece | G11: Case/Display | H11: Adventure on Kami's Island | J11: 2943 | L11: 2915 | M11: TCGplayer | O11: https://www.tcgplayer.com/product/682058
A12: Double Pack Set Vol. 10 Display | B12: =IF(I12<>"",I12,IF(J12<>"",J12,IF(K12<>"",K12,L12))) -> 254.76 | C12: =MEDIAN(I12:L12) -> 287.13 | D12: =ROUND(C12*(1-Settings!$B$2),2) -> 200.99 | E12: =ROUND(C12*(1-Settings!$B$3),2) -> 200.99 | F12: One Piece | G12: Case/Display | H12: Adventure on Kami's Island | J12: 254.76 | L12: 319.5 | M12: TCGplayer | O12: https://www.tcgplayer.com/product/682790
A13: Awakening of the New Era - Booster Box Case | B13: =IF(I13<>"",I13,IF(J13<>"",J13,IF(K13<>"",K13,L13))) -> 12573.53 | C13: =MEDIAN(I13:L13) -> 8786.76 | D13: =ROUND(C13*(1-Settings!$B$2),2) -> 6150.73 | E13: =ROUND(C13*(1-Settings!$B$3),2) -> 6150.73 | F13: One Piece | G13: Case/Display | H13: Awakening of the New Era | J13: 12573.53 | L13: 4999.99 | M13: TCGplayer | O13: https://www.tcgplayer.com/product/498735
A14: Double Pack Set Volume 2 Display | B14: =IF(I14<>"",I14,IF(J14<>"",J14,IF(K14<>"",K14,L14))) -> 1512.59 | C14: =MEDIAN(I14:L14) -> 1606.295 | D14: =ROUND(C14*(1-Settings!$B$2),2) -> 1124.41 | E14: =ROUND(C14*(1-Settings!$B$3),2) -> 1124.41 | F14: One Piece | G14: Case/Display | H14: Awakening of the New Era | J14: 1512.59 | L14: 1700 | M14: TCGplayer | O14: https://www.tcgplayer.com/product/527062
A15: Double Pack Set Volume 2 Display Case | B15: =IF(I15<>"",I15,IF(J15<>"",J15,IF(K15<>"",K15,L15))) -> 15000 | C15: =MEDIAN(I15:L15) -> 15000 | D15: =ROUND(C15*(1-Settings!$B$2),2) -> 10500 | E15: =ROUND(C15*(1-Settings!$B$3),2) -> 10500 | F15: One Piece | G15: Case/Display | H15: Awakening of the New Era | L15: 15000 | M15: TCGplayer | O15: https://www.tcgplayer.com/product/527063
A16: Carrying On His Will Booster Box Case | B16: =IF(I16<>"",I16,IF(J16<>"",J16,IF(K16<>"",K16,L16))) -> 6000.87 | C16: =MEDIAN(I16:L16) -> 4100.43 | D16: =ROUND(C16*(1-Settings!$B$2),2) -> 2870.3 | E16: =ROUND(C16*(1-Settings!$B$3),2) -> 2870.3 | F16: One Piece | G16: Case/Display | H16: Carrying On His Will | J16: 6000.87 | L16: 2199.99 | M16: TCGplayer | O16: https://www.tcgplayer.com/product/628353
A17: Double Pack Set Volume 6 Display | B17: =IF(I17<>"",I17,IF(J17<>"",J17,IF(K17<>"",K17,L17))) -> 775.49 | C17: =MEDIAN(I17:L17) -> 787.24 | D17: =ROUND(C17*(1-Settings!$B$2),2) -> 551.07 | E17: =ROUND(C17*(1-Settings!$B$3),2) -> 551.07 | F17: One Piece | G17: Case/Display | H17: Emperors in the New World | J17: 775.49 | L17: 798.99 | M17: TCGplayer | O17: https://www.tcgplayer.com/product/563843
A18: Emperors in the New World - Booster Box Case | B18: =IF(I18<>"",I18,IF(J18<>"",J18,IF(K18<>"",K18,L18))) -> 7558.56 | C18: =MEDIAN(I18:L18) -> 6279.28 | D18: =ROUND(C18*(1-Settings!$B$2),2) -> 4395.5 | E18: =ROUND(C18*(1-Settings!$B$3),2) -> 4395.5 | F18: One Piece | G18: Case/Display | H18: Emperors in the New World | J18: 7558.56 | L18: 5000 | M18: TCGplayer | O18: https://www.tcgplayer.com/product/563835
A19: Extra Booster: Anime 25th Collection Box Case | B19: =IF(I19<>"",I19,IF(J19<>"",J19,IF(K19<>"",K19,L19))) -> 7905.16 | C19: =MEDIAN(I19:L19) -> 7803.075 | D19: =ROUND(C19*(1-Settings!$B$2),2) -> 5462.15 | E19: =ROUND(C19*(1-Settings!$B$3),2) -> 5462.15 | F19: One Piece | G19: Case/Display | H19: Extra Booster: Anime 25th Collection | J19: 7905.16 | L19: 7700.99 | M19: TCGplayer | O19: https://www.tcgplayer.com/product/594070
A20: Memorial Collection - Booster Box Case | B20: =IF(I20<>"",I20,IF(J20<>"",J20,IF(K20<>"",K20,L20))) -> 10999.99 | C20: =MEDIAN(I20:L20) -> 10999.99 | D20: =ROUND(C20*(1-Settings!$B$2),2) -> 7699.99 | E20: =ROUND(C20*(1-Settings!$B$3),2) -> 7699.99 | F20: One Piece | G20: Case/Display | H20: Extra Booster: Memorial Collection | L20: 10999.99 | M20: TCGplayer | O20: https://www.tcgplayer.com/product/521162
A21: Extra Booster: One Piece Heroines Edition Box Case | B21: =IF(I21<>"",I21,IF(J21<>"",J21,IF(K21<>"",K21,L21))) -> 3581.52 | C21: =MEDIAN(I21:L21) -> 3515.755 | D21: =ROUND(C21*(1-Settings!$B$2),2) -> 2461.03 | E21: =ROUND(C21*(1-Settings!$B$3),2) -> 2461.03 | F21: One Piece | G21: Case/Display | H21: Extra Booster: One Piece Heroines Edition | J21: 3581.52 | L21: 3449.99 | M21: TCGplayer | O21: https://www.tcgplayer.com/product/666892
A22: Extra Booster: One Piece Heroines Edition Vol.2 - Booster Box Case | B22: =IF(I22<>"",I22,IF(J22<>"",J22,IF(K22<>"",K22,L22))) -> 3705.74 | C22: =MEDIAN(I22:L22) -> 3698.245 | D22: =ROUND(C22*(1-Settings!$B$2),2) -> 2588.77 | E22: =ROUND(C22*(1-Settings!$B$3),2) -> 2588.77 | F22: One Piece | G22: Case/Display | H22: Extra Booster: One Piece Heroines Edition Vol. 2 | J22: 3705.74 | L22: 3690.75 | M22: TCGplayer | O22: https://www.tcgplayer.com/product/711386
A23: Double Pack Set Volume 1 Display | B23: =IF(I23<>"",I23,IF(J23<>"",J23,IF(K23<>"",K23,L23))) -> 874.85 | C23: =MEDIAN(I23:L23) -> 839.925 | D23: =ROUND(C23*(1-Settings!$B$2),2) -> 587.95 | E23: =ROUND(C23*(1-Settings!$B$3),2) -> 587.95 | F23: One Piece | G23: Case/Display | H23: Kingdoms of Intrigue | J23: 874.85 | L23: 805 | M23: TCGplayer | O23: https://www.tcgplayer.com/product/514029
A24: Kingdoms of Intrigue - Booster Box Case | B24: =IF(I24<>"",I24,IF(J24<>"",J24,IF(K24<>"",K24,L24))) -> 5990 | C24: =MEDIAN(I24:L24) -> 5990 | D24: =ROUND(C24*(1-Settings!$B$2),2) -> 4193 | E24: =ROUND(C24*(1-Settings!$B$3),2) -> 4193 | F24: One Piece | G24: Case/Display | H24: Kingdoms of Intrigue | L24: 5990 | M24: TCGplayer | O24: https://www.tcgplayer.com/product/485834
A25: Learn Together Deck Set Display | B25: =IF(I25<>"",I25,IF(J25<>"",J25,IF(K25<>"",K25,L25))) -> 266.09 | C25: =MEDIAN(I25:L25) -> 280.54 | D25: =ROUND(C25*(1-Settings!$B$2),2) -> 196.38 | E25: =ROUND(C25*(1-Settings!$B$3),2) -> 196.38 | F25: One Piece | G25: Case/Display | H25: Learn Together Deck Set | J25: 266.09 | L25: 294.99 | M25: TCGplayer | O25: https://www.tcgplayer.com/product/628479
A26: Double Pack Set Vol. 8 Display | B26: =IF(I26<>"",I26,IF(J26<>"",J26,IF(K26<>"",K26,L26))) -> 303.32 | C26: =MEDIAN(I26:L26) -> 324.16 | D26: =ROUND(C26*(1-Settings!$B$2),2) -> 226.91 | E26: =ROUND(C26*(1-Settings!$B$3),2) -> 226.91 | F26: One Piece | G26: Case/Display | H26: Legacy of the Master | J26: 303.32 | L26: 345 | M26: TCGplayer | O26: https://www.tcgplayer.com/product/628349
A27: Legacy of the Master Booster Box Case | B27: =IF(I27<>"",I27,IF(J27<>"",J27,IF(K27<>"",K27,L27))) -> 2814.8 | C27: =MEDIAN(I27:L27) -> 2907.395 | D27: =ROUND(C27*(1-Settings!$B$2),2) -> 2035.18 | E27: =ROUND(C27*(1-Settings!$B$3),2) -> 2035.18 | F27: One Piece | G27: Case/Display | H27: Legacy of the Master | J27: 2814.8 | L27: 2999.99 | M27: TCGplayer | O27: https://www.tcgplayer.com/product/628347
A28: Devil Fruits Collection Vol. 2 Case | B28: =IF(I28<>"",I28,IF(J28<>"",J28,IF(K28<>"",K28,L28))) -> 2500.99 | C28: =MEDIAN(I28:L28) -> 2500.99 | D28: =ROUND(C28*(1-Settings!$B$2),2) -> 1750.69 | E28: =ROUND(C28*(1-Settings!$B$3),2) -> 1750.69 | F28: One Piece | G28: Case/Display | H28: One Piece Collection Sets | L28: 2500.99 | M28: TCGplayer | O28: https://www.tcgplayer.com/product/593447
A29: Gift Collection 2023 Display | B29: =IF(I29<>"",I29,IF(J29<>"",J29,IF(K29<>"",K29,L29))) -> 2246.35 | C29: =MEDIAN(I29:L29) -> 2523.175 | D29: =ROUND(C29*(1-Settings!$B$2),2) -> 1766.22 | E29: =ROUND(C29*(1-Settings!$B$3),2) -> 1766.22 | F29: One Piece | G29: Case/Display | H29: One Piece Promotion Cards | J29: 2246.35 | L29: 2800 | M29: TCGplayer | O29: https://www.tcgplayer.com/product/493744
A30: One Piece Card Game Illustration Box Vol. 5 Case | B30: =IF(I30<>"",I30,IF(J30<>"",J30,IF(K30<>"",K30,L30))) -> 757.85 | C30: =MEDIAN(I30:L30) -> 828.925 | D30: =ROUND(C30*(1-Settings!$B$2),2) -> 580.25 | E30: =ROUND(C30*(1-Settings!$B$3),2) -> 580.25 | F30: One Piece | G30: Case/Display | H30: One Piece Promotion Cards | J30: 757.85 | L30: 900 | M30: TCGplayer | O30: https://www.tcgplayer.com/product/672601
A31: One Piece Card Game Illustration Box Vol. 6 Case | B31: =IF(I31<>"",I31,IF(J31<>"",J31,IF(K31<>"",K31,L31))) -> 682.27 | C31: =MEDIAN(I31:L31) -> 661.13 | D31: =ROUND(C31*(1-Settings!$B$2),2) -> 462.79 | E31: =ROUND(C31*(1-Settings!$B$3),2) -> 462.79 | F31: One Piece | G31: Case/Display | H31: One Piece Promotion Cards | J31: 682.27 | L31: 639.99 | M31: TCGplayer | O31: https://www.tcgplayer.com/product/672604
A32: One Piece Card Game Illustration Box Vol. 7 Case | B32: =IF(I32<>"",I32,IF(J32<>"",J32,IF(K32<>"",K32,L32))) -> 254.74 | C32: =MEDIAN(I32:L32) -> 289.87 | D32: =ROUND(C32*(1-Settings!$B$2),2) -> 202.91 | E32: =ROUND(C32*(1-Settings!$B$3),2) -> 202.91 | F32: One Piece | G32: Case/Display | H32: One Piece Promotion Cards | J32: 254.74 | L32: 325 | M32: TCGplayer | O32: https://www.tcgplayer.com/product/711511
A33: One Piece Card Game Illustration Box Vol. 8 Case | B33: =IF(I33<>"",I33,IF(J33<>"",J33,IF(K33<>"",K33,L33))) -> 259.99 | C33: =MEDIAN(I33:L33) -> 292.495 | D33: =ROUND(C33*(1-Settings!$B$2),2) -> 204.75 | E33: =ROUND(C33*(1-Settings!$B$3),2) -> 204.75 | F33: One Piece | G33: Case/Display | H33: One Piece Promotion Cards | J33: 259.99 | L33: 325 | M33: TCGplayer | O33: https://www.tcgplayer.com/product/711512
A34: One Piece Tin Pack Set Vol. 1 Display | B34: =IF(I34<>"",I34,IF(J34<>"",J34,IF(K34<>"",K34,L34))) -> 480.25 | C34: =MEDIAN(I34:L34) -> 540.12 | D34: =ROUND(C34*(1-Settings!$B$2),2) -> 378.08 | E34: =ROUND(C34*(1-Settings!$B$3),2) -> 378.08 | F34: One Piece | G34: Case/Display | H34: One Piece Promotion Cards | J34: 480.25 | L34: 599.99 | M34: TCGplayer | O34: https://www.tcgplayer.com/product/620280
A35: One Piece Tin Pack Set Vol. 1 Display Case | B35: =IF(I35<>"",I35,IF(J35<>"",J35,IF(K35<>"",K35,L35))) -> 3375.99 | C35: =MEDIAN(I35:L35) -> 3375.99 | D35: =ROUND(C35*(1-Settings!$B$2),2) -> 2363.19 | E35: =ROUND(C35*(1-Settings!$B$3),2) -> 2363.19 | F35: One Piece | G35: Case/Display | H35: One Piece Promotion Cards | L35: 3375.99 | M35: TCGplayer | O35: https://www.tcgplayer.com/product/620281
A36: One Piece Tin Pack Set Vol. 2 Display | B36: =IF(I36<>"",I36,IF(J36<>"",J36,IF(K36<>"",K36,L36))) -> 723.72 | C36: =MEDIAN(I36:L36) -> 753.86 | D36: =ROUND(C36*(1-Settings!$B$2),2) -> 527.7 | E36: =ROUND(C36*(1-Settings!$B$3),2) -> 527.7 | F36: One Piece | G36: Case/Display | H36: One Piece Promotion Cards | J36: 723.72 | L36: 784 | M36: TCGplayer | O36: https://www.tcgplayer.com/product/657218
A37: One Piece Tin Pack Set Vol. 2 Display Case | B37: =IF(I37<>"",I37,IF(J37<>"",J37,IF(K37<>"",K37,L37))) -> 2999.95 | C37: =MEDIAN(I37:L37) -> 3149.975 | D37: =ROUND(C37*(1-Settings!$B$2),2) -> 2204.98 | E37: =ROUND(C37*(1-Settings!$B$3),2) -> 2204.98 | F37: One Piece | G37: Case/Display | H37: One Piece Promotion Cards | J37: 2999.95 | L37: 3300 | M37: TCGplayer | O37: https://www.tcgplayer.com/product/657219
A38: Treasure Booster Set Display Case | B38: =IF(I38<>"",I38,IF(J38<>"",J38,IF(K38<>"",K38,L38))) -> 2473.99 | C38: =MEDIAN(I38:L38) -> 2473.99 | D38: =ROUND(C38*(1-Settings!$B$2),2) -> 1731.79 | E38: =ROUND(C38*(1-Settings!$B$3),2) -> 1731.79 | F38: One Piece | G38: Case/Display | H38: One Piece Promotion Cards | L38: 2473.99 | M38: TCGplayer | O38: https://www.tcgplayer.com/product/646249
A39: Paramount War - Booster Box Case | B39: =IF(I39<>"",I39,IF(J39<>"",J39,IF(K39<>"",K39,L39))) -> 5995 | C39: =MEDIAN(I39:L39) -> 5995 | D39: =ROUND(C39*(1-Settings!$B$2),2) -> 4196.5 | E39: =ROUND(C39*(1-Settings!$B$3),2) -> 4196.5 | F39: One Piece | G39: Case/Display | H39: Paramount War | L39: 5995 | M39: TCGplayer | O39: https://www.tcgplayer.com/product/455867
A40: Pillars of Strength - Booster Box Case | B40: =IF(I40<>"",I40,IF(J40<>"",J40,IF(K40<>"",K40,L40))) -> 6271.2 | C40: =MEDIAN(I40:L40) -> 6271.2 | D40: =ROUND(C40*(1-Settings!$B$2),2) -> 4389.84 | E40: =ROUND(C40*(1-Settings!$B$3),2) -> 4389.84 | F40: One Piece | G40: Case/Display | H40: Pillars of Strength | L40: 6271.2 | M40: TCGplayer | O40: https://www.tcgplayer.com/product/477177
A41: Premium Booster Display [PRB01] | B41: =IF(I41<>"",I41,IF(J41<>"",J41,IF(K41<>"",K41,L41))) -> 900 | C41: =MEDIAN(I41:L41) -> 900 | D41: =ROUND(C41*(1-Settings!$B$2),2) -> 630 | E41: =ROUND(C41*(1-Settings!$B$3),2) -> 630 | F41: One Piece | G41: Case/Display | H41: Premium Booster | I41: 900 | M41: PriceCharting | N41: https://www.pricecharting.com/game/one-piece-premium-booster/premium-booster-display-prb01
A42: Premium Booster - Booster Box Case | B42: =IF(I42<>"",I42,IF(J42<>"",J42,IF(K42<>"",K42,L42))) -> 9500 | C42: =MEDIAN(I42:L42) -> 6249.995 | D42: =ROUND(C42*(1-Settings!$B$2),2) -> 4375 | E42: =ROUND(C42*(1-Settings!$B$3),2) -> 4375 | F42: One Piece | G42: Case/Display | H42: Premium Booster -The Best- | J42: 9500 | L42: 2999.99 | M42: TCGplayer | O42: https://www.tcgplayer.com/product/545400
A43: Premium Booster Vol. 2 - Booster Box Case | B43: =IF(I43<>"",I43,IF(J43<>"",J43,IF(K43<>"",K43,L43))) -> 3559.41 | C43: =MEDIAN(I43:L43) -> 3029.705 | D43: =ROUND(C43*(1-Settings!$B$2),2) -> 2120.79 | E43: =ROUND(C43*(1-Settings!$B$3),2) -> 2120.79 | F43: One Piece | G43: Case/Display | H43: Premium Booster -The Best- Vol. 2 | J43: 3559.41 | L43: 2500 | M43: TCGplayer | O43: https://www.tcgplayer.com/product/628453
A44: Romance Dawn - Booster Box Case (Wave 1 - Blue) | B44: =IF(I44<>"",I44,IF(J44<>"",J44,IF(K44<>"",K44,L44))) -> 67599.99 | C44: =MEDIAN(I44:L44) -> 67599.99 | D44: =ROUND(C44*(1-Settings!$B$2),2) -> 47319.99 | E44: =ROUND(C44*(1-Settings!$B$3),2) -> 47319.99 | F44: One Piece | G44: Case/Display | H44: Romance Dawn | L44: 67599.99 | M44: TCGplayer | O44: https://www.tcgplayer.com/product/650853
A45: Romance Dawn - Booster Box Case (Wave 2 - White) | B45: =IF(I45<>"",I45,IF(J45<>"",J45,IF(K45<>"",K45,L45))) -> 5000 | C45: =MEDIAN(I45:L45) -> 5000 | D45: =ROUND(C45*(1-Settings!$B$2),2) -> 3500 | E45: =ROUND(C45*(1-Settings!$B$3),2) -> 3500 | F45: One Piece | G45: Case/Display | H45: Romance Dawn | L45: 5000 | M45: TCGplayer | O45: https://www.tcgplayer.com/product/450087
A46: Royal Blood Booster Box Case | B46: =IF(I46<>"",I46,IF(J46<>"",J46,IF(K46<>"",K46,L46))) -> 2411.3 | C46: =MEDIAN(I46:L46) -> 2475.645 | D46: =ROUND(C46*(1-Settings!$B$2),2) -> 1732.95 | E46: =ROUND(C46*(1-Settings!$B$3),2) -> 1732.95 | F46: One Piece | G46: Case/Display | H46: Royal Blood | J46: 2411.3 | L46: 2539.99 | M46: TCGplayer | O46: https://www.tcgplayer.com/product/586673
A47: Set Sail Deck Set Display | B47: =IF(I47<>"",I47,IF(J47<>"",J47,IF(K47<>"",K47,L47))) -> 158.86 | C47: =MEDIAN(I47:L47) -> 129.4 | D47: =ROUND(C47*(1-Settings!$B$2),2) -> 90.58 | E47: =ROUND(C47*(1-Settings!$B$3),2) -> 90.58 | F47: One Piece | G47: Case/Display | H47: Set Sail Deck Set | J47: 158.86 | L47: 99.94 | M47: TCGplayer | O47: https://www.tcgplayer.com/product/694894
A48: Starter Deck 1: Straw Hat Crew Display | B48: =IF(I48<>"",I48,IF(J48<>"",J48,IF(K48<>"",K48,L48))) -> 549.99 | C48: =MEDIAN(I48:L48) -> 549.99 | D48: =ROUND(C48*(1-Settings!$B$2),2) -> 384.99 | E48: =ROUND(C48*(1-Settings!$B$3),2) -> 384.99 | F48: One Piece | G48: Case/Display | H48: ST-01: Starter Deck 1 Straw Hat Crew | L48: 549.99 | M48: TCGplayer | O48: https://www.tcgplayer.com/product/288222
A49: Starter Deck 2: Worst Generation Display | B49: =IF(I49<>"",I49,IF(J49<>"",J49,IF(K49<>"",K49,L49))) -> 499.99 | C49: =MEDIAN(I49:L49) -> 499.99 | D49: =ROUND(C49*(1-Settings!$B$2),2) -> 349.99 | E49: =ROUND(C49*(1-Settings!$B$3),2) -> 349.99 | F49: One Piece | G49: Case/Display | H49: ST-02: Starter Deck 2 Worst Generation | L49: 499.99 | M49: TCGplayer | O49: https://www.tcgplayer.com/product/288231
A50: Starter Deck 4: Animal Kingdom Pirates Display | B50: =IF(I50<>"",I50,IF(J50<>"",J50,IF(K50<>"",K50,L50))) -> 1002.69 | C50: =MEDIAN(I50:L50) -> 1002.69 | D50: =ROUND(C50*(1-Settings!$B$2),2) -> 701.88 | E50: =ROUND(C50*(1-Settings!$B$3),2) -> 701.88 | F50: One Piece | G50: Case/Display | H50: ST-04: Starter Deck 4 Animal Kingdom Pirates | L50: 1002.69 | M50: TCGplayer | O50: https://www.tcgplayer.com/product/288223
A51: Starter Deck 5: Film Edition Display | B51: =IF(I51<>"",I51,IF(J51<>"",J51,IF(K51<>"",K51,L51))) -> 200 | C51: =MEDIAN(I51:L51) -> 200 | D51: =ROUND(C51*(1-Settings!$B$2),2) -> 140 | E51: =ROUND(C51*(1-Settings!$B$3),2) -> 140 | F51: One Piece | G51: Case/Display | H51: ST-05: Starter Deck 5 Film Edition | J51: 200 | M51: TCGplayer | O51: https://www.tcgplayer.com/product/455860
A52: Starter Deck 6: Absolute Justice Display | B52: =IF(I52<>"",I52,IF(J52<>"",J52,IF(K52<>"",K52,L52))) -> 178.34 | C52: =MEDIAN(I52:L52) -> 178.34 | D52: =ROUND(C52*(1-Settings!$B$2),2) -> 124.84 | E52: =ROUND(C52*(1-Settings!$B$3),2) -> 124.84 | F52: One Piece | G52: Case/Display | H52: ST-06: Starter Deck 6 Absolute Justice | J52: 178.34 | L52: 178.34 | M52: TCGplayer | O52: https://www.tcgplayer.com/product/455869
A53: Starter Deck 7: Big Mom Pirates Display | B53: =IF(I53<>"",I53,IF(J53<>"",J53,IF(K53<>"",K53,L53))) -> 360 | C53: =MEDIAN(I53:L53) -> 360 | D53: =ROUND(C53*(1-Settings!$B$2),2) -> 252 | E53: =ROUND(C53*(1-Settings!$B$3),2) -> 252 | F53: One Piece | G53: Case/Display | H53: ST-07: Starter Deck 7 Big Mom Pirates | L53: 360 | M53: TCGplayer | O53: https://www.tcgplayer.com/product/480240
A54: Starter Deck 8: Monkey.D.Luffy Display | B54: =IF(I54<>"",I54,IF(J54<>"",J54,IF(K54<>"",K54,L54))) -> 87.32 | C54: =MEDIAN(I54:L54) -> 88.655 | D54: =ROUND(C54*(1-Settings!$B$2),2) -> 62.06 | E54: =ROUND(C54*(1-Settings!$B$3),2) -> 62.06 | F54: One Piece | G54: Case/Display | H54: ST-08: Starter Deck 8 Monkey.D.Luffy | J54: 87.32 | L54: 89.99 | M54: TCGplayer | O54: https://www.tcgplayer.com/product/502976
A55: Starter Deck 9: Yamato Display | B55: =IF(I55<>"",I55,IF(J55<>"",J55,IF(K55<>"",K55,L55))) -> 79.9 | C55: =MEDIAN(I55:L55) -> 83.95 | D55: =ROUND(C55*(1-Settings!$B$2),2) -> 58.77 | E55: =ROUND(C55*(1-Settings!$B$3),2) -> 58.77 | F55: One Piece | G55: Case/Display | H55: ST-09: Starter Deck 9 Yamato | J55: 79.9 | L55: 88 | M55: TCGplayer | O55: https://www.tcgplayer.com/product/502979
A56: Starter Deck 9: Yamato Display Case | B56: =IF(I56<>"",I56,IF(J56<>"",J56,IF(K56<>"",K56,L56))) -> 5000 | C56: =MEDIAN(I56:L56) -> 5000 | D56: =ROUND(C56*(1-Settings!$B$2),2) -> 3500 | E56: =ROUND(C56*(1-Settings!$B$3),2) -> 3500 | F56: One Piece | G56: Case/Display | H56: ST-09: Starter Deck 9 Yamato | L56: 5000 | M56: TCGplayer | O56: https://www.tcgplayer.com/product/502980
A57: Ultra Deck: The Three Captains Display | B57: =IF(I57<>"",I57,IF(J57<>"",J57,IF(K57<>"",K57,L57))) -> 599.97 | C57: =MEDIAN(I57:L57) -> 599.97 | D57: =ROUND(C57*(1-Settings!$B$2),2) -> 419.98 | E57: =ROUND(C57*(1-Settings!$B$3),2) -> 419.98 | F57: One Piece | G57: Case/Display | H57: ST-10: Ultra Deck The Three Captains | J57: 599.97 | M57: TCGplayer | O57: https://www.tcgplayer.com/product/502983
A58: Starter Deck 11: Uta Display | B58: =IF(I58<>"",I58,IF(J58<>"",J58,IF(K58<>"",K58,L58))) -> 108.07 | C58: =MEDIAN(I58:L58) -> 113.61 | D58: =ROUND(C58*(1-Settings!$B$2),2) -> 79.53 | E58: =ROUND(C58*(1-Settings!$B$3),2) -> 79.53 | F58: One Piece | G58: Case/Display | H58: ST-11: Starter Deck 11 Uta | J58: 108.07 | L58: 119.15 | M58: TCGplayer | O58: https://www.tcgplayer.com/product/515296
A59: Starter Deck 12: Zoro and Sanji Display | B59: =IF(I59<>"",I59,IF(J59<>"",J59,IF(K59<>"",K59,L59))) -> 242.33 | C59: =MEDIAN(I59:L59) -> 296.165 | D59: =ROUND(C59*(1-Settings!$B$2),2) -> 207.32 | E59: =ROUND(C59*(1-Settings!$B$3),2) -> 207.32 | F59: One Piece | G59: Case/Display | H59: ST-12: Starter Deck 12 Zoro and Sanji | J59: 242.33 | L59: 350 | M59: TCGplayer | O59: https://www.tcgplayer.com/product/536586
A60: Ultra Deck: The Three Brothers Display | B60: =IF(I60<>"",I60,IF(J60<>"",J60,IF(K60<>"",K60,L60))) -> 469.85 | C60: =MEDIAN(I60:L60) -> 474.425 | D60: =ROUND(C60*(1-Settings!$B$2),2) -> 332.1 | E60: =ROUND(C60*(1-Settings!$B$3),2) -> 332.1 | F60: One Piece | G60: Case/Display | H60: ST-13: Ultra Deck The Three Brothers | J60: 469.85 | L60: 479 | M60: TCGplayer | O60: https://www.tcgplayer.com/product/543596
A61: Starter Deck 14: 3D2Y Display | B61: =IF(I61<>"",I61,IF(J61<>"",J61,IF(K61<>"",K61,L61))) -> 128.67 | C61: =MEDIAN(I61:L61) -> 133.33 | D61: =ROUND(C61*(1-Settings!$B$2),2) -> 93.33 | E61: =ROUND(C61*(1-Settings!$B$3),2) -> 93.33 | F61: One Piece | G61: Case/Display | H61: ST-14: Starter Deck 14 3D2Y | J61: 128.67 | L61: 137.99 | M61: TCGplayer | O61: https://www.tcgplayer.com/product/545028
A62: Starter Deck 15: RED Edward.Newgate Display | B62: =IF(I62<>"",I62,IF(J62<>"",J62,IF(K62<>"",K62,L62))) -> 380 | C62: =MEDIAN(I62:L62) -> 390 | D62: =ROUND(C62*(1-Settings!$B$2),2) -> 273 | E62: =ROUND(C62*(1-Settings!$B$3),2) -> 273 | F62: One Piece | G62: Case/Display | H62: ST-15: Starter Deck 15 RED Edward.Newgate | J62: 380 | L62: 400 | M62: TCGplayer | O62: https://www.tcgplayer.com/product/545034
A63: Starter Deck 16: GREEN Uta Display | B63: =IF(I63<>"",I63,IF(J63<>"",J63,IF(K63<>"",K63,L63))) -> 380 | C63: =MEDIAN(I63:L63) -> 380 | D63: =ROUND(C63*(1-Settings!$B$2),2) -> 266 | E63: =ROUND(C63*(1-Settings!$B$3),2) -> 266 | F63: One Piece | G63: Case/Display | H63: ST-16: Starter Deck 16 GREEN Uta | J63: 380 | M63: TCGplayer | O63: https://www.tcgplayer.com/product/545037
A64: Starter Deck 17: BLUE Donquixote Doflamingo Display | B64: =IF(I64<>"",I64,IF(J64<>"",J64,IF(K64<>"",K64,L64))) -> 999.95 | C64: =MEDIAN(I64:L64) -> 999.95 | D64: =ROUND(C64*(1-Settings!$B$2),2) -> 699.97 | E64: =ROUND(C64*(1-Settings!$B$3),2) -> 699.97 | F64: One Piece | G64: Case/Display | H64: ST-17: Starter Deck 17 BLUE Donquixote Doflamingo | L64: 999.95 | M64: TCGplayer | O64: https://www.tcgplayer.com/product/545040
A65: Starter Deck 18: PURPLE Monkey.D.Luffy Display | B65: =IF(I65<>"",I65,IF(J65<>"",J65,IF(K65<>"",K65,L65))) -> 2499.99 | C65: =MEDIAN(I65:L65) -> 2499.99 | D65: =ROUND(C65*(1-Settings!$B$2),2) -> 1749.99 | E65: =ROUND(C65*(1-Settings!$B$3),2) -> 1749.99 | F65: One Piece | G65: Case/Display | H65: ST-18: Starter Deck 18 PURPLE Monkey.D.Luffy | L65: 2499.99 | M65: TCGplayer | O65: https://www.tcgplayer.com/product/545043
A66: Starter Deck 19: BLACK Smoker Display | B66: =IF(I66<>"",I66,IF(J66<>"",J66,IF(K66<>"",K66,L66))) -> 499.99 | C66: =MEDIAN(I66:L66) -> 499.99 | D66: =ROUND(C66*(1-Settings!$B$2),2) -> 349.99 | E66: =ROUND(C66*(1-Settings!$B$3),2) -> 349.99 | F66: One Piece | G66: Case/Display | H66: ST-19: Starter Deck 19 BLACK Smoker | L66: 499.99 | M66: TCGplayer | O66: https://www.tcgplayer.com/product/545046
A67: Starter Deck EX: Gear 5 Display | B67: =IF(I67<>"",I67,IF(J67<>"",J67,IF(K67<>"",K67,L67))) -> 400.28 | C67: =MEDIAN(I67:L67) -> 475.065 | D67: =ROUND(C67*(1-Settings!$B$2),2) -> 332.55 | E67: =ROUND(C67*(1-Settings!$B$3),2) -> 332.55 | F67: One Piece | G67: Case/Display | H67: ST-21: Starter Deck 21 EX Gear 5 | J67: 400.28 | L67: 549.85 | M67: TCGplayer | O67: https://www.tcgplayer.com/product/606576
A68: Starter Deck 22: Ace & Newgate Display | B68: =IF(I68<>"",I68,IF(J68<>"",J68,IF(K68<>"",K68,L68))) -> 85.26 | C68: =MEDIAN(I68:L68) -> 90.63 | D68: =ROUND(C68*(1-Settings!$B$2),2) -> 63.44 | E68: =ROUND(C68*(1-Settings!$B$3),2) -> 63.44 | F68: One Piece | G68: Case/Display | H68: ST-22: Starter Deck 22 Ace & Newgate | J68: 85.26 | L68: 96 | M68: TCGplayer | O68: https://www.tcgplayer.com/product/628449
A69: Starter Deck 23: RED Shanks Display | B69: =IF(I69<>"",I69,IF(J69<>"",J69,IF(K69<>"",K69,L69))) -> 223.85 | C69: =MEDIAN(I69:L69) -> 299.8 | D69: =ROUND(C69*(1-Settings!$B$2),2) -> 209.86 | E69: =ROUND(C69*(1-Settings!$B$3),2) -> 209.86 | F69: One Piece | G69: Case/Display | H69: ST-23: Starter Deck 23 RED Shanks | J69: 223.85 | L69: 375.75 | M69: TCGplayer | O69: https://www.tcgplayer.com/product/627670
A70: Starter Deck 24: GREEN Jewelry Bonney Display | B70: =IF(I70<>"",I70,IF(J70<>"",J70,IF(K70<>"",K70,L70))) -> 224.24 | C70: =MEDIAN(I70:L70) -> 256.445 | D70: =ROUND(C70*(1-Settings!$B$2),2) -> 179.51 | E70: =ROUND(C70*(1-Settings!$B$3),2) -> 179.51 | F70: One Piece | G70: Case/Display | H70: ST-24: Starter Deck 24 GREEN Jewelry Bonney | J70: 224.24 | L70: 288.65 | M70: TCGplayer | O70: https://www.tcgplayer.com/product/627671
A71: Starter Deck 25: BLUE Buggy Display | B71: =IF(I71<>"",I71,IF(J71<>"",J71,IF(K71<>"",K71,L71))) -> 237.28 | C71: =MEDIAN(I71:L71) -> 237.28 | D71: =ROUND(C71*(1-Settings!$B$2),2) -> 166.1 | E71: =ROUND(C71*(1-Settings!$B$3),2) -> 166.1 | F71: One Piece | G71: Case/Display | H71: ST-25: Starter Deck 25 BLUE Buggy | J71: 237.28 | L71: 237.28 | M71: TCGplayer | O71: https://www.tcgplayer.com/product/627675
A72: Starter Deck 26: PURPLE/BLACK Monkey.D.Luffy Display | B72: =IF(I72<>"",I72,IF(J72<>"",J72,IF(K72<>"",K72,L72))) -> 246.29 | C72: =MEDIAN(I72:L72) -> 278.14 | D72: =ROUND(C72*(1-Settings!$B$2),2) -> 194.7 | E72: =ROUND(C72*(1-Settings!$B$3),2) -> 194.7 | F72: One Piece | G72: Case/Display | H72: ST-26: Starter Deck 26 PURPLE/BLACK Monkey.D.Luffy | J72: 246.29 | L72: 309.99 | M72: TCGplayer | O72: https://www.tcgplayer.com/product/627676
A73: Starter Deck 27: BLACK Marshall.D.Teach Display | B73: =IF(I73<>"",I73,IF(J73<>"",J73,IF(K73<>"",K73,L73))) -> 208.84 | C73: =MEDIAN(I73:L73) -> 221.915 | D73: =ROUND(C73*(1-Settings!$B$2),2) -> 155.34 | E73: =ROUND(C73*(1-Settings!$B$3),2) -> 155.34 | F73: One Piece | G73: Case/Display | H73: ST-27: Starter Deck 27 BLACK Marshall.D.Teach | J73: 208.84 | L73: 234.99 | M73: TCGplayer | O73: https://www.tcgplayer.com/product/627679
A74: Starter Deck 28: GREEN/YELLOW Yamato Display | B74: =IF(I74<>"",I74,IF(J74<>"",J74,IF(K74<>"",K74,L74))) -> 224.26 | C74: =MEDIAN(I74:L74) -> 259.105 | D74: =ROUND(C74*(1-Settings!$B$2),2) -> 181.37 | E74: =ROUND(C74*(1-Settings!$B$3),2) -> 181.37 | F74: One Piece | G74: Case/Display | H74: ST-28: Starter Deck 28 GREEN/YELLOW Yamato | J74: 224.26 | L74: 293.95 | M74: TCGplayer | O74: https://www.tcgplayer.com/product/627680
A75: Starter Deck 29: Egghead Display | B75: =IF(I75<>"",I75,IF(J75<>"",J75,IF(K75<>"",K75,L75))) -> 224.91 | C75: =MEDIAN(I75:L75) -> 199.95 | D75: =ROUND(C75*(1-Settings!$B$2),2) -> 139.97 | E75: =ROUND(C75*(1-Settings!$B$3),2) -> 139.97 | F75: One Piece | G75: Case/Display | H75: ST-29: Starter Deck 29 Egghead | J75: 224.91 | L75: 174.99 | M75: TCGplayer | O75: https://www.tcgplayer.com/product/671480
A76: Starter Deck EX: Luffy & Ace Display | B76: =IF(I76<>"",I76,IF(J76<>"",J76,IF(K76<>"",K76,L76))) -> 211.41 | C76: =MEDIAN(I76:L76) -> 190.705 | D76: =ROUND(C76*(1-Settings!$B$2),2) -> 133.49 | E76: =ROUND(C76*(1-Settings!$B$3),2) -> 133.49 | F76: One Piece | G76: Case/Display | H76: ST-30: Starter Deck 30 EX Luffy & Ace | J76: 211.41 | L76: 170 | M76: TCGplayer | O76: https://www.tcgplayer.com/product/692139
A77: Starter Deck 31: RED Monkey.D.Luffy Display | B77: =IF(I77<>"",I77,IF(J77<>"",J77,IF(K77<>"",K77,L77))) -> 174.92 | C77: =MEDIAN(I77:L77) -> 167.96 | D77: =ROUND(C77*(1-Settings!$B$2),2) -> 117.57 | E77: =ROUND(C77*(1-Settings!$B$3),2) -> 117.57 | F77: One Piece | G77: Case/Display | H77: ST-31: Starter Deck 31 RED Monkey.D.Luffy | J77: 174.92 | L77: 161 | M77: TCGplayer | O77: https://www.tcgplayer.com/product/704886
A78: Starter Deck 32: GREEN Roronoa Zoro Display | B78: =IF(I78<>"",I78,IF(J78<>"",J78,IF(K78<>"",K78,L78))) -> 177.25 | C78: =MEDIAN(I78:L78) -> 163.625 | D78: =ROUND(C78*(1-Settings!$B$2),2) -> 114.54 | E78: =ROUND(C78*(1-Settings!$B$3),2) -> 114.54 | F78: One Piece | G78: Case/Display | H78: ST-32: Starter Deck 32 GREEN Roronoa Zoro | J78: 177.25 | L78: 150 | M78: TCGplayer | O78: https://www.tcgplayer.com/product/704888
... A84: The Azure Sea's Seven Booster Box Case | B84: =IF(I84<>"",I84,IF(J84<>"",J84,IF(K84<>"",K84,L84))) -> 2893.15 | C84: =MEDIAN(I84:L84) -> 2646.57 | D84: =ROUND(C84*(1-Settings!$B$2),2) -> 1852.6 | E84: =ROUND(C84*(1-Settings!$B$3),2) -> 1852.6 | F84: One Piece | G84: Case/Display | H84: The Azure Sea's Seven | J84: 2893.15 | L84: 2399.99 | M84: TCGplayer | O84: https://www.tcgplayer.com/product/665599
A85: Double Pack Set Vol. 13 Display | B85: =IF(I85<>"",I85,IF(J85<>"",J85,IF(K85<>"",K85,L85))) -> 495.95 | C85: =MEDIAN(I85:L85) -> 495.95 | D85: =ROUND(C85*(1-Settings!$B$2),2) -> 347.17 | E85: =ROUND(C85*(1-Settings!$B$3),2) -> 347.17 | F85: One Piece | G85: Case/Display | H85: The Dominance of God | L85: 495.95 | M85: TCGplayer | O85: https://www.tcgplayer.com/product/712909
A86: The Dominance of God Booster Box Case | B86: =IF(I86<>"",I86,IF(J86<>"",J86,IF(K86<>"",K86,L86))) -> 4499.5 | C86: =MEDIAN(I86:L86) -> 4441.75 | D86: =ROUND(C86*(1-Settings!$B$2),2) -> 3109.23 | E86: =ROUND(C86*(1-Settings!$B$3),2) -> 3109.23 | F86: One Piece | G86: Case/Display | H86: The Dominance of God | J86: 4499.5 | L86: 4384 | M86: TCGplayer | O86: https://www.tcgplayer.com/product/712902
A87: Double Pack Set Vol. 11 Display | B87: =IF(I87<>"",I87,IF(J87<>"",J87,IF(K87<>"",K87,L87))) -> 252.79 | C87: =MEDIAN(I87:L87) -> 253.14 | D87: =ROUND(C87*(1-Settings!$B$2),2) -> 177.2 | E87: =ROUND(C87*(1-Settings!$B$3),2) -> 177.2 | F87: One Piece | G87: Case/Display | H87: The Time of Battle | J87: 252.79 | L87: 253.49 | M87: TCGplayer | O87: https://www.tcgplayer.com/product/693365
A88: The Time of Battle Booster Box Case | B88: =IF(I88<>"",I88,IF(J88<>"",J88,IF(K88<>"",K88,L88))) -> 2457.27 | C88: =MEDIAN(I88:L88) -> 2428.635 | D88: =ROUND(C88*(1-Settings!$B$2),2) -> 1700.04 | E88: =ROUND(C88*(1-Settings!$B$3),2) -> 1700.04 | F88: One Piece | G88: Case/Display | H88: The Time of Battle | J88: 2457.27 | L88: 2400 | M88: TCGplayer | O88: https://www.tcgplayer.com/product/689338
A89: Double Pack Set Vol. 12 Display | B89: =IF(I89<>"",I89,IF(J89<>"",J89,IF(K89<>"",K89,L89))) -> 368.72 | C89: =MEDIAN(I89:L89) -> 361.825 | D89: =ROUND(C89*(1-Settings!$B$2),2) -> 253.28 | E89: =ROUND(C89*(1-Settings!$B$3),2) -> 253.28 | F89: One Piece | G89: Case/Display | H89: The World's Strongest Warriors | J89: 368.72 | L89: 354.93 | M89: TCGplayer | O89: https://www.tcgplayer.com/product/704878
A90: The World's Strongest Warriors Booster Box Case | B90: =IF(I90<>"",I90,IF(J90<>"",J90,IF(K90<>"",K90,L90))) -> 3511.47 | C90: =MEDIAN(I90:L90) -> 2630.725 | D90: =ROUND(C90*(1-Settings!$B$2),2) -> 1841.51 | E90: =ROUND(C90*(1-Settings!$B$3),2) -> 1841.51 | F90: One Piece | G90: Case/Display | H90: The World's Strongest Warriors | J90: 3511.47 | L90: 1749.98 | M90: TCGplayer | O90: https://www.tcgplayer.com/product/704754
A91: Double Pack Set Volume 5 Display | B91: =IF(I91<>"",I91,IF(J91<>"",J91,IF(K91<>"",K91,L91))) -> 272.91 | C91: =MEDIAN(I91:L91) -> 323.955 | D91: =ROUND(C91*(1-Settings!$B$2),2) -> 226.77 | E91: =ROUND(C91*(1-Settings!$B$3),2) -> 226.77 | F91: One Piece | G91: Case/Display | H91: Two Legends | J91: 272.91 | L91: 375 | M91: TCGplayer | O91: https://www.tcgplayer.com/product/561690
A92: Two Legends - Booster Box Case | B92: =IF(I92<>"",I92,IF(J92<>"",J92,IF(K92<>"",K92,L92))) -> 2787.33 | C92: =MEDIAN(I92:L92) -> 2809.66 | D92: =ROUND(C92*(1-Settings!$B$2),2) -> 1966.76 | E92: =ROUND(C92*(1-Settings!$B$3),2) -> 1966.76 | F92: One Piece | G92: Case/Display | H92: Two Legends | J92: 2787.33 | L92: 2831.99 | M92: TCGplayer | O92: https://www.tcgplayer.com/product/542505
A93: Double Pack Set Volume 3 Display | B93: =IF(I93<>"",I93,IF(J93<>"",J93,IF(K93<>"",K93,L93))) -> 474.83 | C93: =MEDIAN(I93:L93) -> 572.26 | D93: =ROUND(C93*(1-Settings!$B$2),2) -> 400.58 | E93: =ROUND(C93*(1-Settings!$B$3),2) -> 400.58 | F93: One Piece | G93: Case/Display | H93: Wings of the Captain | J93: 474.83 | L93: 669.69 | M93: TCGplayer | O93: https://www.tcgplayer.com/product/541543
A94: Double Pack Set Volume 3 Display Case | B94: =IF(I94<>"",I94,IF(J94<>"",J94,IF(K94<>"",K94,L94))) -> 3000 | C94: =MEDIAN(I94:L94) -> 3000 | D94: =ROUND(C94*(1-Settings!$B$2),2) -> 2100 | E94: =ROUND(C94*(1-Settings!$B$3),2) -> 2100 | F94: One Piece | G94: Case/Display | H94: Wings of the Captain | L94: 3000 | M94: TCGplayer | O94: https://www.tcgplayer.com/product/541544
A95: Wings of the Captain - Booster Box Case | B95: =IF(I95<>"",I95,IF(J95<>"",J95,IF(K95<>"",K95,L95))) -> 4480 | C95: =MEDIAN(I95:L95) -> 4389.99 | D95: =ROUND(C95*(1-Settings!$B$2),2) -> 3072.99 | E95: =ROUND(C95*(1-Settings!$B$3),2) -> 3072.99 | F95: One Piece | G95: Case/Display | H95: Wings of the Captain | J95: 4480 | L95: 4299.98 | M95: TCGplayer | O95: https://www.tcgplayer.com/product/515081
A96: Japanese Promo Family Deck Set | B96: =IF(I96<>"",I96,IF(J96<>"",J96,IF(K96<>"",K96,L96))) -> 103.4 | C96: =MEDIAN(I96:L96) -> 103.4 | D96: =ROUND(C96*(1-Settings!$B$2),2) -> 72.38 | E96: =ROUND(C96*(1-Settings!$B$3),2) -> 72.38 | F96: One Piece | G96: Deck | H96: Japanese Promo | I96: 103.4 | M96: PriceCharting | N96: https://www.pricecharting.com/game/one-piece-japanese-promo/family-deck-set
A97: Japanese Starter Deck 1 Straw Hat Crew Sealed Deck | B97: =IF(I97<>"",I97,IF(J97<>"",J97,IF(K97<>"",K97,L97))) -> 47.71 | C97: =MEDIAN(I97:L97) -> 47.71 | D97: =ROUND(C97*(1-Settings!$B$2),2) -> 33.4 | E97: =ROUND(C97*(1-Settings!$B$3),2) -> 33.4 | F97: One Piece | G97: Deck | H97: Japanese Starter Deck 1 Straw Hat Crew | I97: 47.71 | M97: PriceCharting | N97: https://www.pricecharting.com/game/one-piece-japanese-starter-deck-1-straw-hat-crew/sealed-deck
A98: Japanese Starter Deck 11 Uta Sealed Deck | B98: =IF(I98<>"",I98,IF(J98<>"",J98,IF(K98<>"",K98,L98))) -> 15.99 | C98: =MEDIAN(I98:L98) -> 15.99 | D98: =ROUND(C98*(1-Settings!$B$2),2) -> 11.19 | E98: =ROUND(C98*(1-Settings!$B$3),2) -> 11.19 | F98: One Piece | G98: Deck | H98: Japanese Starter Deck 11 Uta | I98: 15.99 | M98: PriceCharting | N98: https://www.pricecharting.com/game/one-piece-japanese-starter-deck-11-uta/sealed-deck
A99: Japanese Starter Deck 12 Sealed Deck | B99: =IF(I99<>"",I99,IF(J99<>"",J99,IF(K99<>"",K99,L99))) -> 42.18 | C99: =MEDIAN(I99:L99) -> 42.18 | D99: =ROUND(C99*(1-Settings!$B$2),2) -> 29.53 | E99: =ROUND(C99*(1-Settings!$B$3),2) -> 29.53 | F99: One Piece | G99: Deck | H99: Japanese Starter Deck 12 | I99: 42.18 | M99: PriceCharting | N99: https://www.pricecharting.com/game/one-piece-japanese-starter-deck-12/sealed-deck
A100: Japanese Starter Deck 14 3d2y Sealed Deck | B100: =IF(I100<>"",I100,IF(J100<>"",J100,IF(K100<>"",K100,L100))) -> 18.33 | C100: =MEDIAN(I100:L100) -> 18.33 | D100: =ROUND(C100*(1-Settings!$B$2),2) -> 12.83 | E100: =ROUND(C100*(1-Settings!$B$3),2) -> 12.83 | F100: One Piece | G100: Deck | H100: Japanese Starter Deck 14 3d2y | I100: 18.33 | M100: PriceCharting | N100: https://www.pricecharting.com/game/one-piece-japanese-starter-deck-14-3d2y/sealed-deck
A101: Japanese Starter Deck 15 Edward Newgate Sealed Deck | B101: =IF(I101<>"",I101,IF(J101<>"",J101,IF(K101<>"",K101,L101))) -> 9 | C101: =MEDIAN(I101:L101) -> 9 | D101: =ROUND(C101*(1-Settings!$B$2),2) -> 6.3 | E101: =ROUND(C101*(1-Settings!$B$3),2) -> 6.3 | F101: One Piece | G101: Deck | H101: Japanese Starter Deck 15 Edward Newgate | I101: 9 | M101: PriceCharting | N101: https://www.pricecharting.com/game/one-piece-japanese-starter-deck-15-edward-newgate/sealed-deck
A102: Japanese Starter Deck 18 Monkeydluffy Sealed Deck | B102: =IF(I102<>"",I102,IF(J102<>"",J102,IF(K102<>"",K102,L102))) -> 121.94 | C102: =MEDIAN(I102:L102) -> 121.94 | D102: =ROUND(C102*(1-Settings!$B$2),2) -> 85.36 | E102: =ROUND(C102*(1-Settings!$B$3),2) -> 85.36 | F102: One Piece | G102: Deck | H102: Japanese Starter Deck 18 Monkeydluffy | I102: 121.94 | M102: PriceCharting | N102: https://www.pricecharting.com/game/one-piece-japanese-starter-deck-18-monkeydluffy/sealed-deck
A103: Japanese Starter Deck 2 Worst Generation Sealed Deck | B103: =IF(I103<>"",I103,IF(J103<>"",J103,IF(K103<>"",K103,L103))) -> 19.49 | C103: =MEDIAN(I103:L103) -> 19.49 | D103: =ROUND(C103*(1-Settings!$B$2),2) -> 13.64 | E103: =ROUND(C103*(1-Settings!$B$3),2) -> 13.64 | F103: One Piece | G103: Deck | H103: Japanese Starter Deck 2 Worst Generation | I103: 19.49 | M103: PriceCharting | N103: https://www.pricecharting.com/game/one-piece-japanese-starter-deck-2-worst-generation/sealed-deck
A104: Japanese Starter Deck 25 Blue Buggy Sealed Deck | B104: =IF(I104<>"",I104,IF(J104<>"",J104,IF(K104<>"",K104,L104))) -> 8.46 | C104: =MEDIAN(I104:L104) -> 8.46 | D104: =ROUND(C104*(1-Settings!$B$2),2) -> 5.92 | E104: =ROUND(C104*(1-Settings!$B$3),2) -> 5.92 | F104: One Piece | G104: Deck | H104: Japanese Starter Deck 25 Blue Buggy | I104: 8.46 | M104: PriceCharting | N104: https://www.pricecharting.com/game/one-piece-japanese-starter-deck-25-blue-buggy/sealed-deck
A105: Japanese Starter Deck 28 Yellow Yamato Sealed Deck | B105: =IF(I105<>"",I105,IF(J105<>"",J105,IF(K105<>"",K105,L105))) -> 14 | C105: =MEDIAN(I105:L105) -> 14 | D105: =ROUND(C105*(1-Settings!$B$2),2) -> 9.8 | E105: =ROUND(C105*(1-Settings!$B$3),2) -> 9.8 | F105: One Piece | G105: Deck | H105: Japanese Starter Deck 28 Yellow Yamato | I105: 14 | M105: PriceCharting | N105: https://www.pricecharting.com/game/one-piece-japanese-starter-deck-28-yellow-yamato/sealed-deck
...

Sheet Settings
A1: Settings
A2: Discount (Reduced = Median Price x (1 - Discount)) | B2: 0.3
A3: Kraken discount (Kraken Price = Median Price x (1 - Kraken discount)) | B3: 0.3
A4: Edit the yellow cells only. Every "Reduced" and "Kraken Price" value on the other sheets recalculates from them.
A5: Data collected | B5: 2026-10-14
A6: Sources | B6: PriceCharting (ungraded/sealed sale price, USD) - https://www.pricecharting.com ; TCGplayer (Market, Median, Lowest listing, USD) - https://www.tcgplayer.com
A7: Price | B7: PriceCharting price when available, otherwise TCGplayer Market (then Median, then Lowest).
A8: Median Price | B8: MEDIAN of all price points found for the product (PriceCharting price, TCGplayer Market, Median and Lowest). Products found on both sites are merged into one row.
A9: Categories | B9: Box = booster box / display. Pack = single boosters and blisters. Coffret = elite trainer boxes, collections, tins, bundles, gift sets. Decks, cases and accessories are on the "Other Sealed" sheet.
A10: Scope | B10: Pokemon (English, Japanese, other languages as listed by the sites) and One Piece Card Game sealed products. Products with no price on either site were left out.
A11: Kraken Price | B11: Median Price minus the Kraken discount (Settings!B3, 30% by default): the buy/offer price used by the shop.
